Name;ExplanationDegree (R2); SampleCorrelation (r);DistanceLossCorrelation;Mean;StdDev;ModelA;ModelK;Fisher-Z-corr (r);Fzc-CI-low;Fzc-CI-high;BootstrapR_StdDev
Temperature;0,1045011720345533;0.32326641030975256;;8,255199635645969;3,9450370789485465;;;;0.26539142420134915;0.3788201063533377;0.01268961599927745
Wind;0,05633895057789308;0.23735827471965892;;2,7235463792318204;1,438673362553524;;;;0.17670736572278173;0.2962134565105685;0.012487097103118381
Humidity;0,025630149879704234;-0.1600941906494556;;60,63549415515409;18,87770438014693;;;;-0.2211589128901655;-0.09777901962420897;0.011615037378976055
Aqi;0,0014639534473647163;0.03826164459827513;;35,215727948990434;3,381332854262614;;;;0.014124163708872511;0.062354558717908376;0.009410641013529192
Pm25;6,234499848242536E-05;0.007895884908129383;;5,001047517838108;2,1215759563912977;;;;-0.01625774744746855;0.03204030731623879;0.01168497523792529
Pm10;0,0013389366313144426;0.03659148304338651;;6,627812357674146;2,685990263407936;;;;0.01245195471431632;0.0606883846565808;0.01178998458819767
O3;0,004033315932666337;0.06350839261598688;;65,41020191285867;10,864622843059735;;;;0.039418318746217505;0.08752468279768671;0.010040110845137994
UvMaxToday;0,01742930583453545;0.13202009632830697;;3,8881415122988012;0,979869039032188;;;;0.10821277764023017;0.15567607366242758;0.009535719708243748
Lon;0,004634486301923448;-0.06807706149595066;;15,501058241920443;2,3572187875492676;;;;-0.09207621141733993;-0.04399886774538913;0.017950708868757544
Lat;0,10012926659416703;-0.3164320884394739;;59,10132269865509;2,463428583972997;;;;-0.33799962633773334;-0.2945323736513941;0.015528460078706244
SmhiWeatherTemp;0,027720703337865537;0.1664953553041812;0,0004957464550320656;8,69017762258993;3,9426001232925825;2.104604117958008;2.759942323864182E-05;;0.14291949548590696;0.1898823796460376;0.012734662945074077
SeaTemperature;0,009699028273029028;0.09848364469813771;-0,025534594835923335;4,975571428571439;1,1281274596867978;0.6081614302681319;-1.7412880399175608E-06;;0.03371039914912519;0.1624330199086935;0.05101337080159082
SeaSalinity;0,0013275139920352237;-0.036435065418292084;0,030993131352903512;10,982513034410788;7,806296682498341;4.4219832263856;5.841877325479799E-07;;-0.09951169162859014;0.02693321405258284;0.0289036192049446
PollenBirch;0,09051536183863308;-0.3008577102861635;0,19251821312958248;2,5607940446650126;0,7682449888866945;0.4893935379639596;0.0031287494202295258;;-0.3871663501100998;-0.20932222660089037;0.0712505388255344
PollenGrass;;;;;;;;;;;
PollenMugwort;;;;;;;;;;;
PollenAlder;0,28274972544832716;-0.5317421606834718;0,2926469330182002;1,089676746611053;0,28586717463878303;0.08087522418724068;0.006744513178619557;;-0.5756698021344734;-0.4847540634203472;0.025601602027026493
PollenHazel;0;0;0;1;0;9.999999999998922E-07;-5.700150902305685E-30;;-0.08640458724104316;0.08640458724104312;0
PollenWillow;0,17062691900571328;0.41307011391011245;0,04603248485104862;2,4357298474945535;0,6618668131136152;0.5542966866358242;-4.9805468905831835E-06;;0.35793174503328856;0.46533776354393386;0.028612690542592807
DirRiver;0,0026442012814302863;0.05142179772655062;;167,15922557270918;105,12591434309685;;;;0.020703757802652267;0.08204284458866487;0.014724716254257255
DirCoast;0,10441493541062165;-0.3231329995692511;;172,3421035500297;81,23755031505907;;;;-0.34459437447629737;-0.30133402810462767;0.011188691179845861
IsGrundvattenMagasin;0,29315318050705935;;;;;;;;;;
IsInSubbasin;0,05100956429330499;;;;;;;;;;
SoilDepthMeters;0,027099818956628458;-0.16462022645054422;;9,030470504731868;12,943820768985313;;;;-0.18847297266916277;-0.1405733730747789;0.011270956141707847
RidgeDirection;0,14612002541486524;0.3822564916582389;;234,38220940550133;143,90062367769167;;;;0.35704748214472976;0.4069090766219081;0.013837477433798786
IsGranit;0,5614088355852437;;;;;;;;;;
IsDiabas;0,026112038864429938;;;;;;;;;;
IsBasalt;0,026112038864429938;;;;;;;;;;
IsAmfibolit;0,12145134355548809;;;;;;;;;;
IsSandsten;0,1738272354637923;;;;;;;;;;
IsKonglomerat;0,05662668893274632;;;;;;;;;;
IsLerskiffer;0,25398512221041447;;;;;;;;;;
IsKalksten;0,14437528465158647;;;;;;;;;;
IsLera;0,04417792621830879;;;;;;;;;;
IsKol;0,0315773493244269;;;;;;;;;;
IsGnejs;0,20950356763321695;;;;;;;;;;
IsPegmatit;0,06603916805829664;;;;;;;;;;
IsSkiffer;0,25398512221041447;;;;;;;;;;
IsKvartsit;0,14786701077880673;;;;;;;;;;
IsBerg;0,16729922574768483;;;;;;;;;;
IsSilt;0,20039471686655533;;;;;;;;;;
IsSand;0,10399271291938667;;;;;;;;;;
IsGrus;0,10399271291938667;;;;;;;;;;
IsTorv;0,006376195536663124;;;;;;;;;;
IsMoran;0,26992561105207225;;;;;;;;;;
IsIsalv;0,13754364657659027;;;;;;;;;;
IsVittringsjord;0;;;;;;;;;;
IsMoranlera;0,07924700166995598;;;;;;;;;;
Al2O3;0,053408251667756416;-0.23110225370548945;;13,294631710362047;2,3686670609106795;;;;-0.29564147003980124;-0.1644630087311992;0.02887313279238561
AsPpm;0,04701677203097185;-0.2168335122414703;;-2,3058676654182273;11,3873867953744;;;;-0.2818717762331856;-0.14981163654951027;0.036911907588173525
BaO;0,006139910005246078;-0.07835757784187869;;56,682896379525594;21,271091170894348;;;;-0.14683269465379523;-0.009135038724463154;0.03813116288480629
CaO;0,04194975740430065;-0.20481639925626233;;23,209737827715355;34,839718067977856;;;;-0.27025413948237736;-0.13749506437490358;0.01624662437880571
ClPpm;0,00011121445208633486;-0.0105458262875099;;92,55430711610487;141,94424912461432;;;;-0.07975968337322296;0.058769230573260424;0.039655732306040345
CoPpm;0,053350661771335114;-0.23097762179772982;;20,6167290886392;7,428773101109305;;;;-0.29552131310593993;-0.16433490726604694;0.030109581910322095
CrPpm;0,10479326870505938;-0.3237178844380696;;50,679151061173535;25,91921444176892;;;;-0.3843706408510605;-0.2602824978959806;0.029998712711114997
CuPpm;0,05854429021143203;-0.24195927386945107;;16,378277153558052;10,762805281528133;;;;-0.30610083184450443;-0.17563090516884483;0.033510892804781235
Fe2O3;0,016419952027262617;-0.12814036064902665;;36,008739076154804;17,500390668013218;;;;-0.19567555985712595;-0.05939546367706457;0.03674313288013383
K2O;0,001978558058898367;0.04448098536339283;;26,258426966292134;9,714390460675961;;;;-0.024867763555624138;0.11340367954438228;0.0386717853729212
MgO;0,009443163558261542;-0.09717594125225411;;12,724094881398253;7,27770782671208;;;;-0.16533509824332862;-0.028092927076979447;0.03333608474024492
MnO;0,011825891104428122;-0.10874691307999562;;60,57677902621723;47,347670588027434;;;;-0.17668802336125441;-0.03977441483415753;0.028042204771133703
MoPpm;0,0026120604204497447;-0.05110832046203186;;3,686641697877653;14,90856914102455;;;;-0.11995575534482264;0.018228338889069225;0.023252493627419588
Na2O;0,02329900914925505;-0.15264012955070186;;18,757802746566792;9,280693248138437;;;;-0.21959036961341713;-0.08425893468352749;0.03842733848326611
NiPpm;0,06994439729761864;-0.2644700310009031;;18,89887640449438;13,014261839841511;;;;-0.3277378660079664;-0.1988407491510278;0.025757643919752937
P2O5;0,025116096310706815;-0.158480586542033;;175,16104868913857;127,8869726786075;;;;-0.2252795273384107;-0.09019868956010253;0.03369716284210549
PbPpm;0,0007567832700045814;-0.027509694109614912;;27,862671660424468;13,364734092128739;;;;-0.0965977362257858;0.04184216669192625;0.03551899141856679
RbPpm;0,056542166794452654;0.23778596845577885;;102,14606741573034;26,850416898820193;;;;0.17133608189416027;0.30208221271184277;0.029455709041634776
SPpm;0,00381711306066563;-0.06178278935646747;;273,7182741116751;283,9223712668394;;;;-0.1310587781254809;0.008093642548233677;0.03679946984527363
SiO2;0,12121812853781302;0.348163939169198;;71,06741573033707;6,962969871987262;;;;0.28578437863022743;0.4076054132237213;0.026943205502668956
SrPpm;0,15984246112867612;-0.3998030279133415;;154,28339575530586;64,40450944192054;;;;-0.456434115603858;-0.3399457716627318;0.02523805763296261
TiO2;0,04421896562088169;-0.21028306070837396;;58,850187265917604;27,190485984805196;;;;-0.2755414403253729;-0.14309537175634957;0.0387659056837844
VPpm;0,059868577907484566;-0.24468056299486596;;68,16978776529338;30,76217053590174;;;;-0.3087200239544119;-0.1784327931026021;0.03366309231544761
ZnPpm;0,010723175911488662;-0.10355276872922646;;64,19475655430712;64,83814095477992;;;;-0.17159399412728446;-0.03452832740945697;0.021462474409821238
ZrPpm;0,01161959067637905;-0.10779420520778958;;424,53183520599254;152,54031204161345;;;;-0.17575395105182706;-0.03881189473967823;0.030881921144773297
HarvestHostvete;0,005512908565725266;0.07424896339832136;;295539,8635235732;797655,2543316212;;;;0.005218913721587841;0.1425747353171802;0.014698999498689391
HarvestVarvete;0,00922686528106223;0.09605657333604103;;24798,85404101327;64115,73798609524;;;;0.028149092991499838;0.16308150863043622;0.01382194148351223
HarvestRag;0,23003422725668055;0.47961883538564304;;33494,777517564406;58200,04584024977;;;;0.40306501272961104;0.5495072481033982;0.038521704351242934
HarvestHostkorn;0,2262842796306902;0.4756934723439982;;25154,709976798145;40717,97498444994;;;;0.39917168864696306;0.5456342635910045;0.04191990289434566
HarvestVarkorn;0,017123091431682235;0.13085523081513492;;104920,42417815482;316979,9392271244;;;;0.067578573308088;0.19308342633536338;0.011511280461214794
HarvestHavre;0,007968773801687092;0.08926798867279968;;63122,860492379834;178865,85062810546;;;;0.02227511706187619;0.1554627686837825;0.012719722085908138
HarvestArter;0,0031061099488881956;-0.055732485579670636;;12706,689075630253;24015,411009502863;;;;-0.13550713913539722;0.024760144958014128;0.020122176298559016
HarvestAkerbonor;0,03644829190158655;0.19091435750510372;;11031,326530612245;17848,745302420175;;;;0.10409145684258772;0.2748494301729929;0.02648788840487297
HarvestMatpotatis;0,1950503130109939;0.44164500790906025;;114690,32183908045;170640,9680521546;;;;0.36268318243999925;0.5143106031373742;0.04012370690157163
HarvestPotatisStarkelse;0,7406549641073336;0.8606131326602758;;154293,70656370657;165748,13360626472;;;;0.8252965958077544;0.8892236620951628;0.024485390217347393
HarvestSockerbetor;0,8560335497148223;0.9252208113282052;;685526,5151515151;938520,7361705087;;;;0.9056542479913489;0.9408553682112021;0.010424669283104062
HarvestHostraps;0,06995325428474518;0.2644867752549174;;35879,5415959253;80159,53562952185;;;;0.18770731628435725;0.33805363574298025;0.022342103040639143
HarvestVarraps;0,0013868597331468658;-0.03724056569316403;;8846,110056925996;14284,919707065035;;;;-0.12226601902278146;0.048327525116086546;0.0227393551108256
HarvestSlattervallTotal;0,034438443782751876;0.18557597846367907;;457358,0070339977;1346448,2678313458;;;;0.119943773271071;0.2495931366159441;0.014417711212860146
HarvestSlattervallForsta;0,03849149899154268;0.196192504932127;;281048,3879423329;790331,7082874492;;;;0.1269836525173274;0.2635003380010465;0.014035628926832877
HarvestSlattervallAttervaxt;0,07312742047728656;0.2704208210868508;;254054,63963963964;664510,0559488088;;;;0.19852608600684193;0.3394209014138747;0.01830854549732872
