Variable,Parents,ParentConfig,Low,Mid,High
Temperature,Humidity,Wind,Lat,Humidity=Low|Wind=Low|Lat=Low,0,14795918367346939,0,7448979591836735,0,10714285714285714
Temperature,Humidity,Wind,Lat,Humidity=Low|Wind=High|Lat=High,0,8912386706948641,0,09365558912386707,0,015105740181268883
Temperature,Humidity,Wind,Lat,Humidity=Low|Wind=Mid|Lat=High,0,685823754789272,0,0421455938697318,0,2720306513409962
Temperature,Humidity,Wind,Lat,Humidity=Mid|Wind=Low|Lat=Mid,0,12244897959183673,0,07142857142857142,0,8061224489795918
Temperature,Humidity,Wind,Lat,Humidity=Low|Wind=Low|Lat=Mid,0,4954545454545455,0,12045454545454545,0,3840909090909091
Temperature,Humidity,Wind,Lat,Humidity=Low|Wind=Mid|Lat=Mid,0,6344086021505376,0,23655913978494625,0,12903225806451613
Temperature,Humidity,Wind,Lat,Humidity=Mid|Wind=Mid|Lat=Mid,0,07407407407407407,0,11851851851851852,0,8074074074074075
Temperature,Humidity,Wind,Lat,Humidity=Low|Wind=High|Lat=Mid,0,7176470588235294,0,25882352941176473,0,023529411764705882
Temperature,Humidity,Wind,Lat,Humidity=Mid|Wind=High|Lat=Mid,0,7924528301886793,0,09433962264150944,0,11320754716981132
Temperature,Humidity,Wind,Lat,Humidity=Mid|Wind=Mid|Lat=Low,0,06766917293233082,0,21052631578947367,0,7218045112781954
Temperature,Humidity,Wind,Lat,Humidity=Low|Wind=Low|Lat=High,0,3448275862068966,0,05172413793103448,0,603448275862069
Temperature,Humidity,Wind,Lat,Humidity=Mid|Wind=Mid|Lat=High,0,2707774798927614,0,010723860589812333,0,7184986595174263
Temperature,Humidity,Wind,Lat,Humidity=Mid|Wind=High|Lat=High,0,46875,0,020833333333333332,0,5104166666666666
Temperature,Humidity,Wind,Lat,Humidity=Mid|Wind=Low|Lat=High,0,4752475247524752,0,006600660066006601,0,5181518151815182
Temperature,Humidity,Wind,Lat,Humidity=Mid|Wind=High|Lat=Low,0,1735159817351598,0,5799086757990868,0,2465753424657534
Temperature,Humidity,Wind,Lat,Humidity=Low|Wind=High|Lat=Low,0,0,29931972789115646,0,7006802721088435
Temperature,Humidity,Wind,Lat,Humidity=Low|Wind=Mid|Lat=Low,0,03821656050955414,0,5923566878980892,0,36942675159235666
Temperature,Humidity,Wind,Lat,Humidity=High|Wind=High|Lat=Low,0,025423728813559324,0,9152542372881356,0,059322033898305086
Temperature,Humidity,Wind,Lat,Humidity=Mid|Wind=Low|Lat=Low,0,2,0,015384615384615385,0,7846153846153846
Temperature,Humidity,Wind,Lat,Humidity=High|Wind=High|Lat=Mid,0,3409090909090909,0,5909090909090909,0,06818181818181818
Temperature,Humidity,Wind,Lat,Humidity=High|Wind=High|Lat=High,0,8181818181818182,0,18181818181818182,0
Temperature,Humidity,Wind,Lat,Humidity=High|Wind=Low|Lat=High,1,0,0
Temperature,Humidity,Wind,Lat,Humidity=High|Wind=Mid|Lat=Mid,0,1951219512195122,0,7154471544715447,0,08943089430894309
Temperature,Humidity,Wind,Lat,Humidity=High|Wind=Low|Lat=Low,0,0,6320754716981132,0,36792452830188677
Temperature,Humidity,Wind,Lat,Humidity=High|Wind=Mid|Lat=Low,0,0,6689655172413793,0,3310344827586207
Temperature,Humidity,Wind,Lat,Humidity=High|Wind=Low|Lat=Mid,0,126953125,0,83984375,0,033203125
Temperature,Humidity,Wind,Lat,Humidity=High|Wind=Mid|Lat=High,0,9814814814814815,0,009259259259259259,0,009259259259259259
Humidity,DistCoast,HarvestSlattervallTotal,Lat,DistCoast=Mid|HarvestSlattervallTotal=Mid|Lat=Low,0,3546423135464231,0,2313546423135464,0,4140030441400304
Humidity,DistCoast,HarvestSlattervallTotal,Lat,DistCoast=Mid|HarvestSlattervallTotal=Low|Lat=High,0,40594059405940597,0,5478547854785478,0,0462046204620462
Humidity,DistCoast,HarvestSlattervallTotal,Lat,DistCoast=High|HarvestSlattervallTotal=Low|Lat=High,0,4725274725274725,0,25274725274725274,0,27472527472527475
Humidity,DistCoast,HarvestSlattervallTotal,Lat,DistCoast=High|HarvestSlattervallTotal=High|Lat=High,0,41896024464831805,0,24770642201834864,0,3333333333333333
Humidity,DistCoast,HarvestSlattervallTotal,Lat,DistCoast=Low|HarvestSlattervallTotal=Mid|Lat=Mid,0,0,3333333333333333,0,6666666666666666
Humidity,DistCoast,HarvestSlattervallTotal,Lat,DistCoast=Mid|HarvestSlattervallTotal=Low|Lat=Mid,0,3485838779956427,0,1895424836601307,0,46187363834422657
Humidity,DistCoast,HarvestSlattervallTotal,Lat,DistCoast=High|HarvestSlattervallTotal=Low|Lat=Mid,0,4106813996316759,0,27624309392265195,0,31307550644567217
Humidity,DistCoast,HarvestSlattervallTotal,Lat,DistCoast=Low|HarvestSlattervallTotal=High|Lat=Low,0,1702127659574468,0,6879432624113475,0,14184397163120568
Humidity,DistCoast,HarvestSlattervallTotal,Lat,DistCoast=Mid|HarvestSlattervallTotal=High|Lat=High,0,3242630385487528,0,3424036281179138,0,3333333333333333
Humidity,DistCoast,HarvestSlattervallTotal,Lat,DistCoast=High|HarvestSlattervallTotal=Missing|Lat=High,0,5816993464052288,0,08496732026143791,0,3333333333333333
Humidity,DistCoast,HarvestSlattervallTotal,Lat,DistCoast=Low|HarvestSlattervallTotal=High|Lat=Mid,0,37373737373737376,0,2828282828282828,0,3434343434343434
Humidity,DistCoast,HarvestSlattervallTotal,Lat,DistCoast=Mid|HarvestSlattervallTotal=High|Lat=Mid,0,4444444444444444,0,2777777777777778,0,2777777777777778
Humidity,DistCoast,HarvestSlattervallTotal,Lat,DistCoast=Low|HarvestSlattervallTotal=Low|Lat=Mid,0,38484848484848483,0,10909090909090909,0,5060606060606061
Humidity,DistCoast,HarvestSlattervallTotal,Lat,DistCoast=Low|HarvestSlattervallTotal=Low|Lat=High,0,27414330218068533,0,67601246105919,0,04984423676012461
Humidity,DistCoast,HarvestSlattervallTotal,Lat,DistCoast=High|HarvestSlattervallTotal=Mid|Lat=Low,0,6405228758169934,0,13071895424836602,0,22875816993464052
Humidity,DistCoast,HarvestSlattervallTotal,Lat,DistCoast=Low|HarvestSlattervallTotal=Mid|Lat=Low,0,137546468401487,0,32342007434944237,0,5390334572490706
Humidity,DistCoast,HarvestSlattervallTotal,Lat,DistCoast=Mid|HarvestSlattervallTotal=Low|Lat=Low,0,3333333333333333,0,3333333333333333,0,3333333333333333
Humidity,DistCoast,HarvestSlattervallTotal,Lat,DistCoast=Mid|HarvestSlattervallTotal=High|Lat=Low,0,4444444444444444,0,5555555555555556,0
Humidity,DistCoast,HarvestSlattervallTotal,Lat,DistCoast=High|HarvestSlattervallTotal=Missing|Lat=Low,0,6,0,24444444444444444,0,15555555555555556
Humidity,DistCoast,HarvestSlattervallTotal,Lat,DistCoast=Mid|HarvestSlattervallTotal=Missing|Lat=Low,0,6666666666666666,0,31666666666666665,0,016666666666666666
Humidity,DistCoast,HarvestSlattervallTotal,Lat,DistCoast=Low|HarvestSlattervallTotal=High|Lat=High,0,17592592592592593,0,5123456790123457,0,3117283950617284
Humidity,DistCoast,HarvestSlattervallTotal,Lat,DistCoast=High|HarvestSlattervallTotal=Low|Lat=Low,0,625,0,0625,0,3125
Humidity,DistCoast,HarvestSlattervallTotal,Lat,DistCoast=High|HarvestSlattervallTotal=High|Lat=Low,0,6666666666666666,0,3333333333333333,0
Humidity,DistCoast,HarvestSlattervallTotal,Lat,DistCoast=Low|HarvestSlattervallTotal=Missing|Lat=Low,0,3888888888888889,0,2777777777777778,0,3333333333333333
Humidity,DistCoast,HarvestSlattervallTotal,Lat,DistCoast=High|HarvestSlattervallTotal=High|Lat=Mid,0,6,0,13333333333333333,0,26666666666666666
Humidity,DistCoast,HarvestSlattervallTotal,Lat,DistCoast=Mid|HarvestSlattervallTotal=Mid|Lat=Mid,0,047619047619047616,0,2857142857142857,0,6666666666666666
Humidity,DistCoast,HarvestSlattervallTotal,Lat,DistCoast=Low|HarvestSlattervallTotal=Missing|Lat=High,0,0,8333333333333334,0,16666666666666666
DistCoast,SoilDepthMeters,DistRidge,HarvestSlattervallTotal,SoilDepthMeters=Mid|DistRidge=Missing|HarvestSlattervallTotal=Mid,0,5619834710743802,0,34710743801652894,0,09090909090909091
DistCoast,SoilDepthMeters,DistRidge,HarvestSlattervallTotal,SoilDepthMeters=High|DistRidge=Missing|HarvestSlattervallTotal=Low,0,23529411764705882,0,2689075630252101,0,4957983193277311
DistCoast,SoilDepthMeters,DistRidge,HarvestSlattervallTotal,SoilDepthMeters=Low|DistRidge=High|HarvestSlattervallTotal=Low,0,10091743119266056,0,1834862385321101,0,7155963302752294
DistCoast,SoilDepthMeters,DistRidge,HarvestSlattervallTotal,SoilDepthMeters=High|DistRidge=Mid|HarvestSlattervallTotal=High,0,07777777777777778,0,1,0,8222222222222222
DistCoast,SoilDepthMeters,DistRidge,HarvestSlattervallTotal,SoilDepthMeters=Mid|DistRidge=Missing|HarvestSlattervallTotal=Low,0,08928571428571429,0,25892857142857145,0,6517857142857143
DistCoast,SoilDepthMeters,DistRidge,HarvestSlattervallTotal,SoilDepthMeters=Mid|DistRidge=High|HarvestSlattervallTotal=Mid,0,3888888888888889,0,3194444444444444,0,2916666666666667
DistCoast,SoilDepthMeters,DistRidge,HarvestSlattervallTotal,SoilDepthMeters=Low|DistRidge=Missing|HarvestSlattervallTotal=Mid,0,4444444444444444,0,4222222222222222,0,13333333333333333
DistCoast,SoilDepthMeters,DistRidge,HarvestSlattervallTotal,SoilDepthMeters=High|DistRidge=Mid|HarvestSlattervallTotal=Mid,0,1935483870967742,0,7419354838709677,0,06451612903225806
DistCoast,SoilDepthMeters,DistRidge,HarvestSlattervallTotal,SoilDepthMeters=Mid|DistRidge=Mid|HarvestSlattervallTotal=Mid,0,75,0,25,0
DistCoast,SoilDepthMeters,DistRidge,HarvestSlattervallTotal,SoilDepthMeters=Low|DistRidge=Mid|HarvestSlattervallTotal=Low,0,37349397590361444,0,2891566265060241,0,3373493975903614
DistCoast,SoilDepthMeters,DistRidge,HarvestSlattervallTotal,SoilDepthMeters=Low|DistRidge=Low|HarvestSlattervallTotal=Low,0,3761467889908257,0,41284403669724773,0,21100917431192662
DistCoast,SoilDepthMeters,DistRidge,HarvestSlattervallTotal,SoilDepthMeters=High|DistRidge=High|HarvestSlattervallTotal=Low,0,1780821917808219,0,273972602739726,0,547945205479452
DistCoast,SoilDepthMeters,DistRidge,HarvestSlattervallTotal,SoilDepthMeters=Low|DistRidge=Missing|HarvestSlattervallTotal=Low,0,12941176470588237,0,24705882352941178,0,6235294117647059
DistCoast,SoilDepthMeters,DistRidge,HarvestSlattervallTotal,SoilDepthMeters=Mid|DistRidge=High|HarvestSlattervallTotal=Low,0,2631578947368421,0,18421052631578946,0,5526315789473685
DistCoast,SoilDepthMeters,DistRidge,HarvestSlattervallTotal,SoilDepthMeters=High|DistRidge=Low|HarvestSlattervallTotal=Low,0,3333333333333333,0,23809523809523808,0,42857142857142855
DistCoast,SoilDepthMeters,DistRidge,HarvestSlattervallTotal,SoilDepthMeters=High|DistRidge=Missing|HarvestSlattervallTotal=High,0,9642857142857143,0,03571428571428571,0
DistCoast,SoilDepthMeters,DistRidge,HarvestSlattervallTotal,SoilDepthMeters=Low|DistRidge=Low|HarvestSlattervallTotal=High,0,5,0,43670886075949367,0,06329113924050633
DistCoast,SoilDepthMeters,DistRidge,HarvestSlattervallTotal,SoilDepthMeters=High|DistRidge=High|HarvestSlattervallTotal=Missing,0,4,0,1,0,5
DistCoast,SoilDepthMeters,DistRidge,HarvestSlattervallTotal,SoilDepthMeters=Mid|DistRidge=High|HarvestSlattervallTotal=High,0,3076923076923077,0,34615384615384615,0,34615384615384615
DistCoast,SoilDepthMeters,DistRidge,HarvestSlattervallTotal,SoilDepthMeters=Mid|DistRidge=Mid|HarvestSlattervallTotal=Missing,0,09523809523809523,0,19047619047619047,0,7142857142857143
DistCoast,SoilDepthMeters,DistRidge,HarvestSlattervallTotal,SoilDepthMeters=Mid|DistRidge=Low|HarvestSlattervallTotal=High,0,2727272727272727,0,6545454545454545,0,07272727272727272
DistCoast,SoilDepthMeters,DistRidge,HarvestSlattervallTotal,SoilDepthMeters=High|DistRidge=Low|HarvestSlattervallTotal=High,0,08695652173913043,0,6086956521739131,0,30434782608695654
DistCoast,SoilDepthMeters,DistRidge,HarvestSlattervallTotal,SoilDepthMeters=Low|DistRidge=Mid|HarvestSlattervallTotal=High,0,29411764705882354,0,6764705882352942,0,029411764705882353
DistCoast,SoilDepthMeters,DistRidge,HarvestSlattervallTotal,SoilDepthMeters=High|DistRidge=Mid|HarvestSlattervallTotal=Missing,0,0,1
DistCoast,SoilDepthMeters,DistRidge,HarvestSlattervallTotal,SoilDepthMeters=High|DistRidge=Missing|HarvestSlattervallTotal=Mid,0,48226950354609927,0,48226950354609927,0,03546099290780142
DistCoast,SoilDepthMeters,DistRidge,HarvestSlattervallTotal,SoilDepthMeters=Mid|DistRidge=Mid|HarvestSlattervallTotal=Low,0,37777777777777777,0,2222222222222222,0,4
DistCoast,SoilDepthMeters,DistRidge,HarvestSlattervallTotal,SoilDepthMeters=Mid|DistRidge=Low|HarvestSlattervallTotal=Mid,0,4,0,6,0
DistCoast,SoilDepthMeters,DistRidge,HarvestSlattervallTotal,SoilDepthMeters=Mid|DistRidge=Low|HarvestSlattervallTotal=Low,0,17073170731707318,0,5365853658536586,0,2926829268292683
DistCoast,SoilDepthMeters,DistRidge,HarvestSlattervallTotal,SoilDepthMeters=High|DistRidge=High|HarvestSlattervallTotal=Mid,0,3191489361702128,0,5957446808510638,0,0851063829787234
DistCoast,SoilDepthMeters,DistRidge,HarvestSlattervallTotal,SoilDepthMeters=Low|DistRidge=Low|HarvestSlattervallTotal=Missing,0,125,0,125,0,75
DistCoast,SoilDepthMeters,DistRidge,HarvestSlattervallTotal,SoilDepthMeters=Mid|DistRidge=Low|HarvestSlattervallTotal=Missing,0,0,1,0,9
DistCoast,SoilDepthMeters,DistRidge,HarvestSlattervallTotal,SoilDepthMeters=High|DistRidge=Mid|HarvestSlattervallTotal=Low,0,3230769230769231,0,2,0,47692307692307695
DistCoast,SoilDepthMeters,DistRidge,HarvestSlattervallTotal,SoilDepthMeters=Low|DistRidge=Missing|HarvestSlattervallTotal=High,0,7,0,3,0
DistCoast,SoilDepthMeters,DistRidge,HarvestSlattervallTotal,SoilDepthMeters=Mid|DistRidge=Mid|HarvestSlattervallTotal=High,0,44,0,48,0,08
DistCoast,SoilDepthMeters,DistRidge,HarvestSlattervallTotal,SoilDepthMeters=Low|DistRidge=Mid|HarvestSlattervallTotal=Missing,0,08333333333333333,0,25,0,6666666666666666
DistCoast,SoilDepthMeters,DistRidge,HarvestSlattervallTotal,SoilDepthMeters=Low|DistRidge=High|HarvestSlattervallTotal=Missing,0,1111111111111111,0,5555555555555556,0,3333333333333333
DistCoast,SoilDepthMeters,DistRidge,HarvestSlattervallTotal,SoilDepthMeters=Low|DistRidge=Low|HarvestSlattervallTotal=Mid,0,6470588235294118,0,35294117647058826,0
DistCoast,SoilDepthMeters,DistRidge,HarvestSlattervallTotal,SoilDepthMeters=Low|DistRidge=Mid|HarvestSlattervallTotal=Mid,0,6428571428571429,0,35714285714285715,0
DistCoast,SoilDepthMeters,DistRidge,HarvestSlattervallTotal,SoilDepthMeters=Missing|DistRidge=Missing|HarvestSlattervallTotal=High,1,0,0
DistCoast,SoilDepthMeters,DistRidge,HarvestSlattervallTotal,SoilDepthMeters=Low|DistRidge=High|HarvestSlattervallTotal=Mid,0,875,0,0625,0,0625
DistCoast,SoilDepthMeters,DistRidge,HarvestSlattervallTotal,SoilDepthMeters=High|DistRidge=Low|HarvestSlattervallTotal=Mid,1,0,0
DistCoast,SoilDepthMeters,DistRidge,HarvestSlattervallTotal,SoilDepthMeters=Missing|DistRidge=Missing|HarvestSlattervallTotal=Mid,0,875,0,0,125
DistCoast,SoilDepthMeters,DistRidge,HarvestSlattervallTotal,SoilDepthMeters=Missing|DistRidge=High|HarvestSlattervallTotal=Low,0,0,1
DistCoast,SoilDepthMeters,DistRidge,HarvestSlattervallTotal,SoilDepthMeters=High|DistRidge=High|HarvestSlattervallTotal=High,0,15384615384615385,0,5384615384615384,0,3076923076923077
DistCoast,SoilDepthMeters,DistRidge,HarvestSlattervallTotal,SoilDepthMeters=Mid|DistRidge=Missing|HarvestSlattervallTotal=High,0,6470588235294118,0,35294117647058826,0
DistCoast,SoilDepthMeters,DistRidge,HarvestSlattervallTotal,SoilDepthMeters=Low|DistRidge=Missing|HarvestSlattervallTotal=Missing,0,0,1
DistCoast,SoilDepthMeters,DistRidge,HarvestSlattervallTotal,SoilDepthMeters=Low|DistRidge=High|HarvestSlattervallTotal=High,0,23076923076923078,0,46153846153846156,0,3076923076923077
DistCoast,SoilDepthMeters,DistRidge,HarvestSlattervallTotal,SoilDepthMeters=Mid|DistRidge=High|HarvestSlattervallTotal=Missing,0,125,0,375,0,5
DistCoast,SoilDepthMeters,DistRidge,HarvestSlattervallTotal,SoilDepthMeters=Mid|DistRidge=Missing|HarvestSlattervallTotal=Missing,0,15384615384615385,0,07692307692307693,0,7692307692307693
DistCoast,SoilDepthMeters,DistRidge,HarvestSlattervallTotal,SoilDepthMeters=High|DistRidge=Missing|HarvestSlattervallTotal=Missing,0,3333333333333333,0,0,6666666666666666
DistCoast,SoilDepthMeters,DistRidge,HarvestSlattervallTotal,SoilDepthMeters=High|DistRidge=Low|HarvestSlattervallTotal=Missing,0,0,1
Wind,Humidity,HarvestSlattervallTotal,GlobalDensity,Humidity=Low|HarvestSlattervallTotal=Mid|GlobalDensity=Mid,0,3811659192825112,0,05829596412556054,0,5605381165919282
Wind,Humidity,HarvestSlattervallTotal,GlobalDensity,Humidity=Low|HarvestSlattervallTotal=Low|GlobalDensity=Low,0,40942028985507245,0,2427536231884058,0,34782608695652173
Wind,Humidity,HarvestSlattervallTotal,GlobalDensity,Humidity=Low|HarvestSlattervallTotal=Low|GlobalDensity=Mid,0,6093023255813953,0,2837209302325581,0,10697674418604651
Wind,Humidity,HarvestSlattervallTotal,GlobalDensity,Humidity=Low|HarvestSlattervallTotal=High|GlobalDensity=Low,0,025396825396825397,0,4,0,5746031746031746
Wind,Humidity,HarvestSlattervallTotal,GlobalDensity,Humidity=Low|HarvestSlattervallTotal=Mid|GlobalDensity=Low,0,010638297872340425,0,24468085106382978,0,7446808510638298
Wind,Humidity,HarvestSlattervallTotal,GlobalDensity,Humidity=Mid|HarvestSlattervallTotal=Mid|GlobalDensity=Mid,0,04659498207885305,0,06810035842293907,0,8853046594982079
Wind,Humidity,HarvestSlattervallTotal,GlobalDensity,Humidity=Low|HarvestSlattervallTotal=Mid|GlobalDensity=High,0,20634920634920634,0,25396825396825395,0,5396825396825397
Wind,Humidity,HarvestSlattervallTotal,GlobalDensity,Humidity=Mid|HarvestSlattervallTotal=Low|GlobalDensity=Mid,0,4778761061946903,0,3893805309734513,0,13274336283185842
Wind,Humidity,HarvestSlattervallTotal,GlobalDensity,Humidity=Low|HarvestSlattervallTotal=Low|GlobalDensity=High,0,5938009787928222,0,3572593800978793,0,048939641109298535
Wind,Humidity,HarvestSlattervallTotal,GlobalDensity,Humidity=Mid|HarvestSlattervallTotal=Low|GlobalDensity=High,0,7213622291021672,0,2043343653250774,0,07430340557275542
Wind,Humidity,HarvestSlattervallTotal,GlobalDensity,Humidity=Mid|HarvestSlattervallTotal=High|GlobalDensity=Mid,0,2983425414364641,0,4088397790055249,0,292817679558011
Wind,Humidity,HarvestSlattervallTotal,GlobalDensity,Humidity=Low|HarvestSlattervallTotal=Missing|GlobalDensity=Mid,0,13793103448275862,0,39080459770114945,0,47126436781609193
Wind,Humidity,HarvestSlattervallTotal,GlobalDensity,Humidity=Mid|HarvestSlattervallTotal=High|GlobalDensity=Low,0,23918575063613232,0,638676844783715,0,12213740458015267
Wind,Humidity,HarvestSlattervallTotal,GlobalDensity,Humidity=Mid|HarvestSlattervallTotal=Missing|GlobalDensity=Mid,0,13636363636363635,0,22727272727272727,0,6363636363636364
Wind,Humidity,HarvestSlattervallTotal,GlobalDensity,Humidity=Low|HarvestSlattervallTotal=High|GlobalDensity=Mid,0,2727272727272727,0,21212121212121213,0,5151515151515151
Wind,Humidity,HarvestSlattervallTotal,GlobalDensity,Humidity=Low|HarvestSlattervallTotal=High|GlobalDensity=High,0,2033898305084746,0,559322033898305,0,23728813559322035
Wind,Humidity,HarvestSlattervallTotal,GlobalDensity,Humidity=Mid|HarvestSlattervallTotal=Low|GlobalDensity=Low,0,4153498871331828,0,2708803611738149,0,31376975169300225
Wind,Humidity,HarvestSlattervallTotal,GlobalDensity,Humidity=Mid|HarvestSlattervallTotal=Mid|GlobalDensity=Low,0,0,21212121212121213,0,7878787878787878
Wind,Humidity,HarvestSlattervallTotal,GlobalDensity,Humidity=Mid|HarvestSlattervallTotal=Mid|GlobalDensity=High,0,13333333333333333,0,18518518518518517,0,6814814814814815
Wind,Humidity,HarvestSlattervallTotal,GlobalDensity,Humidity=High|HarvestSlattervallTotal=High|GlobalDensity=Mid,0,3783783783783784,0,36486486486486486,0,25675675675675674
Wind,Humidity,HarvestSlattervallTotal,GlobalDensity,Humidity=Low|HarvestSlattervallTotal=Missing|GlobalDensity=High,0,2818181818181818,0,6181818181818182,0,1
Wind,Humidity,HarvestSlattervallTotal,GlobalDensity,Humidity=High|HarvestSlattervallTotal=Low|GlobalDensity=Low,0,6776859504132231,0,10743801652892562,0,21487603305785125
Wind,Humidity,HarvestSlattervallTotal,GlobalDensity,Humidity=High|HarvestSlattervallTotal=High|GlobalDensity=Low,0,7777777777777778,0,21929824561403508,0,0029239766081871343
Wind,Humidity,HarvestSlattervallTotal,GlobalDensity,Humidity=Mid|HarvestSlattervallTotal=Missing|GlobalDensity=High,0,11904761904761904,0,4523809523809524,0,42857142857142855
Wind,Humidity,HarvestSlattervallTotal,GlobalDensity,Humidity=High|HarvestSlattervallTotal=Missing|GlobalDensity=Low,1,0,0
Wind,Humidity,HarvestSlattervallTotal,GlobalDensity,Humidity=Mid|HarvestSlattervallTotal=Missing|GlobalDensity=Low,0,6,0,0,4
Wind,Humidity,HarvestSlattervallTotal,GlobalDensity,Humidity=High|HarvestSlattervallTotal=Mid|GlobalDensity=Mid,0,5857461024498887,0,14253897550111358,0,2717149220489978
Wind,Humidity,HarvestSlattervallTotal,GlobalDensity,Humidity=High|HarvestSlattervallTotal=Low|GlobalDensity=Mid,0,5733788395904437,0,4129692832764505,0,013651877133105802
Wind,Humidity,HarvestSlattervallTotal,GlobalDensity,Humidity=High|HarvestSlattervallTotal=Mid|GlobalDensity=High,0,3992248062015504,0,2441860465116279,0,35658914728682173
Wind,Humidity,HarvestSlattervallTotal,GlobalDensity,Humidity=High|HarvestSlattervallTotal=Low|GlobalDensity=High,0,715962441314554,0,25821596244131456,0,025821596244131457
Wind,Humidity,HarvestSlattervallTotal,GlobalDensity,Humidity=Mid|HarvestSlattervallTotal=High|GlobalDensity=High,0,058823529411764705,0,6470588235294118,0,29411764705882354
Wind,Humidity,HarvestSlattervallTotal,GlobalDensity,Humidity=High|HarvestSlattervallTotal=Missing|GlobalDensity=Mid,0,6037735849056604,0,18867924528301888,0,20754716981132076
Wind,Humidity,HarvestSlattervallTotal,GlobalDensity,Humidity=High|HarvestSlattervallTotal=Mid|GlobalDensity=Low,0,9692307692307692,0,015384615384615385,0,015384615384615385
Wind,Humidity,HarvestSlattervallTotal,GlobalDensity,Humidity=High|HarvestSlattervallTotal=High|GlobalDensity=High,0,5,0,42857142857142855,0,07142857142857142
Wind,Humidity,HarvestSlattervallTotal,GlobalDensity,Humidity=High|HarvestSlattervallTotal=Missing|GlobalDensity=High,0,52,0,36,0,12
DirCoast,DistCoast,HarvestHostvete,Lat,DistCoast=Mid|HarvestHostvete=Mid|Lat=Low,0,2736842105263158,0,24736842105263157,0,4789473684210526
DirCoast,DistCoast,HarvestHostvete,Lat,DistCoast=Mid|HarvestHostvete=Missing|Lat=High,0,8811881188118812,0,10891089108910891,0,009900990099009901
DirCoast,DistCoast,HarvestHostvete,Lat,DistCoast=High|HarvestHostvete=Low|Lat=High,0,6639344262295082,0,14754098360655737,0,1885245901639344
DirCoast,DistCoast,HarvestHostvete,Lat,DistCoast=High|HarvestHostvete=High|Lat=High,0,22935779816513763,0,7706422018348624,0
DirCoast,DistCoast,HarvestHostvete,Lat,DistCoast=Low|HarvestHostvete=Low|Lat=Mid,0,1125,0,2375,0,65
DirCoast,DistCoast,HarvestHostvete,Lat,DistCoast=Mid|HarvestHostvete=Low|Lat=Mid,0,0,2328767123287671,0,7671232876712328
DirCoast,DistCoast,HarvestHostvete,Lat,DistCoast=High|HarvestHostvete=Low|Lat=Mid,0,17197452229299362,0,1624203821656051,0,6656050955414012
DirCoast,DistCoast,HarvestHostvete,Lat,DistCoast=High|HarvestHostvete=Mid|Lat=Mid,1,0,0
DirCoast,DistCoast,HarvestHostvete,Lat,DistCoast=Low|HarvestHostvete=Mid|Lat=Low,0,20202020202020202,0,40404040404040403,0,3939393939393939
DirCoast,DistCoast,HarvestHostvete,Lat,DistCoast=Mid|HarvestHostvete=High|Lat=High,0,6326530612244898,0,19727891156462585,0,17006802721088435
DirCoast,DistCoast,HarvestHostvete,Lat,DistCoast=Low|HarvestHostvete=High|Lat=Mid,0,44,0,4,0,16
DirCoast,DistCoast,HarvestHostvete,Lat,DistCoast=Mid|HarvestHostvete=High|Lat=Mid,0,6,0,3333333333333333,0,06666666666666667
DirCoast,DistCoast,HarvestHostvete,Lat,DistCoast=Low|HarvestHostvete=Mid|Lat=Mid,0,2826086956521739,0,717391304347826,0
DirCoast,DistCoast,HarvestHostvete,Lat,DistCoast=Low|HarvestHostvete=Missing|Lat=High,0,3669724770642202,0,28440366972477066,0,3486238532110092
DirCoast,DistCoast,HarvestHostvete,Lat,DistCoast=High|HarvestHostvete=Mid|Lat=Low,0,7450980392156863,0,058823529411764705,0,19607843137254902
DirCoast,DistCoast,HarvestHostvete,Lat,DistCoast=High|HarvestHostvete=Missing|Lat=High,0,9,0,05,0,05
DirCoast,DistCoast,HarvestHostvete,Lat,DistCoast=Mid|HarvestHostvete=Low|Lat=Low,0,0,7341772151898734,0,26582278481012656
DirCoast,DistCoast,HarvestHostvete,Lat,DistCoast=Low|HarvestHostvete=Low|Lat=Low,0,03875968992248062,0,7674418604651163,0,1937984496124031
DirCoast,DistCoast,HarvestHostvete,Lat,DistCoast=High|HarvestHostvete=Missing|Lat=Low,0,0,9,0,1
DirCoast,DistCoast,HarvestHostvete,Lat,DistCoast=Low|HarvestHostvete=High|Lat=High,0,5,0,32407407407407407,0,17592592592592593
DirCoast,DistCoast,HarvestHostvete,Lat,DistCoast=Mid|HarvestHostvete=Mid|Lat=Mid,0,8823529411764706,0,11764705882352941,0
DirCoast,DistCoast,HarvestHostvete,Lat,DistCoast=Mid|HarvestHostvete=Missing|Lat=Low,0,1,0
DirCoast,DistCoast,HarvestHostvete,Lat,DistCoast=High|HarvestHostvete=Low|Lat=Low,0,11764705882352941,0,7647058823529411,0,11764705882352941
DirCoast,DistCoast,HarvestHostvete,Lat,DistCoast=High|HarvestHostvete=High|Lat=Mid,0,1,0
DirCoast,DistCoast,HarvestHostvete,Lat,DistCoast=Low|HarvestHostvete=Missing|Lat=Low,0,0,1
SoilDepthMeters,DistRidge,HarvestSlattervallTotal,Lat,DistRidge=Missing|HarvestSlattervallTotal=Mid|Lat=Low,0,14285714285714285,0,38412698412698415,0,44761904761904764
SoilDepthMeters,DistRidge,HarvestSlattervallTotal,Lat,DistRidge=Missing|HarvestSlattervallTotal=Low|Lat=High,0,18248175182481752,0,3284671532846715,0,48905109489051096
SoilDepthMeters,DistRidge,HarvestSlattervallTotal,Lat,DistRidge=High|HarvestSlattervallTotal=Low|Lat=High,0,25274725274725274,0,46153846153846156,0,2857142857142857
SoilDepthMeters,DistRidge,HarvestSlattervallTotal,Lat,DistRidge=Mid|HarvestSlattervallTotal=High|Lat=High,0,18181818181818182,0,14049586776859505,0,6776859504132231
SoilDepthMeters,DistRidge,HarvestSlattervallTotal,Lat,DistRidge=High|HarvestSlattervallTotal=Mid|Lat=Low,0,11278195488721804,0,5413533834586466,0,3458646616541353
SoilDepthMeters,DistRidge,HarvestSlattervallTotal,Lat,DistRidge=Mid|HarvestSlattervallTotal=Mid|Lat=Mid,0,5555555555555556,0,2222222222222222,0,2222222222222222
SoilDepthMeters,DistRidge,HarvestSlattervallTotal,Lat,DistRidge=Mid|HarvestSlattervallTotal=Mid|Lat=Low,0,1323529411764706,0,4411764705882353,0,4264705882352941
SoilDepthMeters,DistRidge,HarvestSlattervallTotal,Lat,DistRidge=Mid|HarvestSlattervallTotal=Low|Lat=Mid,0,3877551020408163,0,2108843537414966,0,4013605442176871
SoilDepthMeters,DistRidge,HarvestSlattervallTotal,Lat,DistRidge=Low|HarvestSlattervallTotal=Low|Lat=Mid,0,6666666666666666,0,20833333333333334,0,125
SoilDepthMeters,DistRidge,HarvestSlattervallTotal,Lat,DistRidge=High|HarvestSlattervallTotal=Low|Lat=Mid,0,4909090909090909,0,20606060606060606,0,28484848484848485
SoilDepthMeters,DistRidge,HarvestSlattervallTotal,Lat,DistRidge=Missing|HarvestSlattervallTotal=Low|Lat=Mid,0,3431952662721893,0,3668639053254438,0,28994082840236685
SoilDepthMeters,DistRidge,HarvestSlattervallTotal,Lat,DistRidge=Missing|HarvestSlattervallTotal=High|Lat=Low,0,1568627450980392,0,29411764705882354,0,43137254901960786
SoilDepthMeters,DistRidge,HarvestSlattervallTotal,Lat,DistRidge=Low|HarvestSlattervallTotal=High|Lat=High,0,6884422110552764,0,23115577889447236,0,08040201005025126
SoilDepthMeters,DistRidge,HarvestSlattervallTotal,Lat,DistRidge=High|HarvestSlattervallTotal=Missing|Lat=High,0,2857142857142857,0,5714285714285714,0,14285714285714285
SoilDepthMeters,DistRidge,HarvestSlattervallTotal,Lat,DistRidge=Low|HarvestSlattervallTotal=Low|Lat=High,0,5,0,38461538461538464,0,11538461538461539
SoilDepthMeters,DistRidge,HarvestSlattervallTotal,Lat,DistRidge=High|HarvestSlattervallTotal=High|Lat=High,0,20588235294117646,0,5,0,29411764705882354
SoilDepthMeters,DistRidge,HarvestSlattervallTotal,Lat,DistRidge=Mid|HarvestSlattervallTotal=Missing|Lat=High,0,045454545454545456,0,5,0,45454545454545453
SoilDepthMeters,DistRidge,HarvestSlattervallTotal,Lat,DistRidge=Low|HarvestSlattervallTotal=High|Lat=Mid,0,5588235294117647,0,23529411764705882,0,20588235294117646
SoilDepthMeters,DistRidge,HarvestSlattervallTotal,Lat,DistRidge=Mid|HarvestSlattervallTotal=High|Lat=Mid,0,29411764705882354,0,29411764705882354,0,4117647058823529
SoilDepthMeters,DistRidge,HarvestSlattervallTotal,Lat,DistRidge=Mid|HarvestSlattervallTotal=Low|Lat=High,0,5777777777777777,0,28888888888888886,0,13333333333333333
SoilDepthMeters,DistRidge,HarvestSlattervallTotal,Lat,DistRidge=Low|HarvestSlattervallTotal=Mid|Lat=Low,0,6086956521739131,0,17391304347826086,0,21739130434782608
SoilDepthMeters,DistRidge,HarvestSlattervallTotal,Lat,DistRidge=Low|HarvestSlattervallTotal=Missing|Lat=High,0,5,0,4,0,1
SoilDepthMeters,DistRidge,HarvestSlattervallTotal,Lat,DistRidge=Missing|HarvestSlattervallTotal=Low|Lat=Low,0,2,0,5,0,3
SoilDepthMeters,DistRidge,HarvestSlattervallTotal,Lat,DistRidge=Mid|HarvestSlattervallTotal=High|Lat=Low,0,6363636363636364,0,2727272727272727,0,09090909090909091
SoilDepthMeters,DistRidge,HarvestSlattervallTotal,Lat,DistRidge=Mid|HarvestSlattervallTotal=Missing|Lat=Low,0,5238095238095238,0,47619047619047616,0
SoilDepthMeters,DistRidge,HarvestSlattervallTotal,Lat,DistRidge=High|HarvestSlattervallTotal=Missing|Lat=Low,0,35,0,2,0,45
SoilDepthMeters,DistRidge,HarvestSlattervallTotal,Lat,DistRidge=Low|HarvestSlattervallTotal=Missing|Lat=Low,0,75,0,25,0
SoilDepthMeters,DistRidge,HarvestSlattervallTotal,Lat,DistRidge=High|HarvestSlattervallTotal=High|Lat=Low,0,3076923076923077,0,5384615384615384,0,15384615384615385
SoilDepthMeters,DistRidge,HarvestSlattervallTotal,Lat,DistRidge=High|HarvestSlattervallTotal=High|Lat=Mid,0,4,0,4,0,2
SoilDepthMeters,DistRidge,HarvestSlattervallTotal,Lat,DistRidge=Missing|HarvestSlattervallTotal=Missing|Lat=High,0,25,0,5,0,25
SoilDepthMeters,DistRidge,HarvestSlattervallTotal,Lat,DistRidge=Missing|HarvestSlattervallTotal=Missing|Lat=Low,0,0,8461538461538461,0,15384615384615385
SoilDepthMeters,DistRidge,HarvestSlattervallTotal,Lat,DistRidge=Missing|HarvestSlattervallTotal=High|Lat=High,0,2,0,2,0,6
SoilDepthMeters,DistRidge,HarvestSlattervallTotal,Lat,DistRidge=High|HarvestSlattervallTotal=Low|Lat=Low,1,0,0
SoilDepthMeters,DistRidge,HarvestSlattervallTotal,Lat,DistRidge=Low|HarvestSlattervallTotal=High|Lat=Low,0,6666666666666666,0,3333333333333333,0
SoilDepthMeters,DistRidge,HarvestSlattervallTotal,Lat,DistRidge=Low|HarvestSlattervallTotal=Mid|Lat=Mid,0,75,0,25,0
SoilDepthMeters,DistRidge,HarvestSlattervallTotal,Lat,DistRidge=Low|HarvestSlattervallTotal=Low|Lat=Low,0,1,0
SoilDepthMeters,DistRidge,HarvestSlattervallTotal,Lat,DistRidge=Mid|HarvestSlattervallTotal=Low|Lat=Low,0,1,0
SoilDepthMeters,DistRidge,HarvestSlattervallTotal,Lat,DistRidge=High|HarvestSlattervallTotal=Mid|Lat=Mid,0,5,0,0,5
DistRidge,HarvestHostvete,IsLera,HarvestHostvete=Mid|IsLera=High,0,0,0,017241379310344827
DistRidge,HarvestHostvete,IsLera,HarvestHostvete=Missing|IsLera=Low,0,08396946564885496,0,1717557251908397,0,2824427480916031
DistRidge,HarvestHostvete,IsLera,HarvestHostvete=Low|IsLera=Low,0,20744081172491544,0,24013528748590757,0,2705749718151071
DistRidge,HarvestHostvete,IsLera,HarvestHostvete=High|IsLera=Low,0,5612745098039216,0,32598039215686275,0,08823529411764706
DistRidge,HarvestHostvete,IsLera,HarvestHostvete=Mid|IsLera=Low,0,06206896551724138,0,1632183908045977,0,2827586206896552
HarvestHostvete,IsLera,IsLera=High,0,1,0
HarvestHostvete,IsLera,IsLera=Low,0,44528112449799195,0,2183734939759036,0,20481927710843373
HarvestHavre,HarvestHostvete,IsLera,HarvestHostvete=Mid|IsLera=High,0,1,0
HarvestHavre,HarvestHostvete,IsLera,HarvestHostvete=Missing|IsLera=Low,0,6603053435114504,0,0
HarvestHavre,HarvestHostvete,IsLera,HarvestHostvete=Low|IsLera=Low,0,7170236753100339,0,2818489289740699,0
HarvestHavre,HarvestHostvete,IsLera,HarvestHostvete=High|IsLera=Low,0,0,1
HarvestHavre,HarvestHostvete,IsLera,HarvestHostvete=Mid|IsLera=Low,0,4367816091954023,0,5632183908045977,0
HarvestSlattervallTotal,HarvestHostvete,HarvestHavre,HarvestHostvete=Mid|HarvestHavre=Mid,0,0,9168975069252078,0
HarvestSlattervallTotal,HarvestHostvete,HarvestHavre,HarvestHostvete=Missing|HarvestHavre=Low,1,0,0
HarvestSlattervallTotal,HarvestHostvete,HarvestHavre,HarvestHostvete=Low|HarvestHavre=Low,0,9198113207547169,0,0
HarvestSlattervallTotal,HarvestHostvete,HarvestHavre,HarvestHostvete=High|HarvestHavre=High,0,0,1
HarvestSlattervallTotal,HarvestHostvete,HarvestHavre,HarvestHostvete=Low|HarvestHavre=Mid,0,108,0,892,0
HarvestSlattervallTotal,HarvestHostvete,HarvestHavre,HarvestHostvete=Mid|HarvestHavre=Low,0,5263157894736842,0,0,47368421052631576
HarvestSlattervallTotal,HarvestHostvete,HarvestHavre,HarvestHostvete=Missing|HarvestHavre=Missing,0,6179775280898876,0,0
HarvestSlattervallTotal,HarvestHostvete,HarvestHavre,HarvestHostvete=Low|HarvestHavre=Missing,1,0,0
Lat,HarvestHostvete,HarvestHavre,HarvestSlattervallTotal,HarvestHostvete=Mid|HarvestHavre=Mid|HarvestSlattervallTotal=Mid,1,0,0
Lat,HarvestHostvete,HarvestHavre,HarvestSlattervallTotal,HarvestHostvete=Missing|HarvestHavre=Low|HarvestSlattervallTotal=Low,0,0,1
Lat,HarvestHostvete,HarvestHavre,HarvestSlattervallTotal,HarvestHostvete=Low|HarvestHavre=Low|HarvestSlattervallTotal=Low,0,02905982905982906,0,8888888888888888,0,08205128205128205
Lat,HarvestHostvete,HarvestHavre,HarvestSlattervallTotal,HarvestHostvete=High|HarvestHavre=High|HarvestSlattervallTotal=High,0,0,10784313725490197,0,8921568627450981
Lat,HarvestHostvete,HarvestHavre,HarvestSlattervallTotal,HarvestHostvete=Low|HarvestHavre=Mid|HarvestSlattervallTotal=Mid,0,9327354260089686,0,06726457399103139,0
Lat,HarvestHostvete,HarvestHavre,HarvestSlattervallTotal,HarvestHostvete=Mid|HarvestHavre=Low|HarvestSlattervallTotal=Low,0,1,0
Lat,HarvestHostvete,HarvestHavre,HarvestSlattervallTotal,HarvestHostvete=Mid|HarvestHavre=Low|HarvestSlattervallTotal=High,0,8666666666666667,0,13333333333333333,0
Lat,HarvestHostvete,HarvestHavre,HarvestSlattervallTotal,HarvestHostvete=Low|HarvestHavre=Low|HarvestSlattervallTotal=Missing,0,0,1
Lat,HarvestHostvete,HarvestHavre,HarvestSlattervallTotal,HarvestHostvete=Low|HarvestHavre=Mid|HarvestSlattervallTotal=Low,0,0,14814814814814814,0,8518518518518519
Lat,HarvestHostvete,HarvestHavre,HarvestSlattervallTotal,HarvestHostvete=Missing|HarvestHavre=Missing|HarvestSlattervallTotal=Missing,0,9411764705882353,0,0,058823529411764705
Lat,HarvestHostvete,HarvestHavre,HarvestSlattervallTotal,HarvestHostvete=Mid|HarvestHavre=Mid|HarvestSlattervallTotal=Missing,1,0,0
Lat,HarvestHostvete,HarvestHavre,HarvestSlattervallTotal,HarvestHostvete=Missing|HarvestHavre=Missing|HarvestSlattervallTotal=Low,0,0,1
Lat,HarvestHostvete,HarvestHavre,HarvestSlattervallTotal,HarvestHostvete=Low|HarvestHavre=Missing|HarvestSlattervallTotal=Low,0,1,0
Fe2O3,DistCoast,Lat,NiPpm,CrPpm,DistCoast=Mid|Lat=Low|NiPpm=Mid|CrPpm=High,0,0,9,0,1
Fe2O3,DistCoast,Lat,NiPpm,CrPpm,DistCoast=Mid|Lat=High|NiPpm=Missing|CrPpm=Missing,0,0,0
Fe2O3,DistCoast,Lat,NiPpm,CrPpm,DistCoast=High|Lat=High|NiPpm=Missing|CrPpm=Missing,0,0,0
Fe2O3,DistCoast,Lat,NiPpm,CrPpm,DistCoast=High|Lat=High|NiPpm=High|CrPpm=Mid,0,016129032258064516,0,5,0,4838709677419355
Fe2O3,DistCoast,Lat,NiPpm,CrPpm,DistCoast=Mid|Lat=Low|NiPpm=High|CrPpm=Mid,0,05555555555555555,0,16666666666666666,0,7777777777777778
Fe2O3,DistCoast,Lat,NiPpm,CrPpm,DistCoast=Mid|Lat=Low|NiPpm=High|CrPpm=High,0,056074766355140186,0,2523364485981308,0,6915887850467289
Fe2O3,DistCoast,Lat,NiPpm,CrPpm,DistCoast=Low|Lat=Mid|NiPpm=Low|CrPpm=Low,0,325,0,0,675
Fe2O3,DistCoast,Lat,NiPpm,CrPpm,DistCoast=Mid|Lat=Low|NiPpm=Low|CrPpm=Low,0,6986301369863014,0,2465753424657534,0,0547945205479452
Fe2O3,DistCoast,Lat,NiPpm,CrPpm,DistCoast=Mid|Lat=Mid|NiPpm=High|CrPpm=Low,0,0,8,0,2
Fe2O3,DistCoast,Lat,NiPpm,CrPpm,DistCoast=Mid|Lat=Mid|NiPpm=Mid|CrPpm=Low,0,3684210526315789,0,631578947368421,0
Fe2O3,DistCoast,Lat,NiPpm,CrPpm,DistCoast=High|Lat=Mid|NiPpm=High|CrPpm=High,0,1267605633802817,0,19718309859154928,0,676056338028169
Fe2O3,DistCoast,Lat,NiPpm,CrPpm,DistCoast=High|Lat=Mid|NiPpm=Mid|CrPpm=Mid,0,28735632183908044,0,5747126436781609,0,13793103448275862
Fe2O3,DistCoast,Lat,NiPpm,CrPpm,DistCoast=Mid|Lat=Mid|NiPpm=Low|CrPpm=Low,0,7291666666666666,0,20833333333333334,0,0625
Fe2O3,DistCoast,Lat,NiPpm,CrPpm,DistCoast=Mid|Lat=Mid|NiPpm=Mid|CrPpm=Mid,0,125,0,5416666666666666,0,3333333333333333
Fe2O3,DistCoast,Lat,NiPpm,CrPpm,DistCoast=High|Lat=Mid|NiPpm=Mid|CrPpm=Low,0,2222222222222222,0,6388888888888888,0,1388888888888889
Fe2O3,DistCoast,Lat,NiPpm,CrPpm,DistCoast=Low|Lat=Low|NiPpm=Mid|CrPpm=Low,0,5714285714285714,0,42857142857142855,0
Fe2O3,DistCoast,Lat,NiPpm,CrPpm,DistCoast=Mid|Lat=High|NiPpm=High|CrPpm=High,0,05714285714285714,0,3142857142857143,0,6285714285714286
Fe2O3,DistCoast,Lat,NiPpm,CrPpm,DistCoast=Mid|Lat=Mid|NiPpm=High|CrPpm=Mid,0,0,3125,0,6875
Fe2O3,DistCoast,Lat,NiPpm,CrPpm,DistCoast=High|Lat=Mid|NiPpm=Low|CrPpm=High,1,0,0
Fe2O3,DistCoast,Lat,NiPpm,CrPpm,DistCoast=Mid|Lat=High|NiPpm=Low|CrPpm=Low,0,8958333333333334,0,10416666666666667,0
Fe2O3,DistCoast,Lat,NiPpm,CrPpm,DistCoast=High|Lat=High|NiPpm=High|CrPpm=High,0,14285714285714285,0,2,0,6571428571428571
Fe2O3,DistCoast,Lat,NiPpm,CrPpm,DistCoast=Low|Lat=Mid|NiPpm=Mid|CrPpm=Mid,0,27586206896551724,0,5862068965517241,0,13793103448275862
Fe2O3,DistCoast,Lat,NiPpm,CrPpm,DistCoast=Mid|Lat=Mid|NiPpm=High|CrPpm=High,0,08333333333333333,0,05555555555555555,0,8611111111111112
Fe2O3,DistCoast,Lat,NiPpm,CrPpm,DistCoast=Low|Lat=Mid|NiPpm=High|CrPpm=High,0,0,47619047619047616,0,5238095238095238
Fe2O3,DistCoast,Lat,NiPpm,CrPpm,DistCoast=High|Lat=High|NiPpm=Mid|CrPpm=High,0,06666666666666667,0,06666666666666667,0,8666666666666667
Fe2O3,DistCoast,Lat,NiPpm,CrPpm,DistCoast=High|Lat=High|NiPpm=Mid|CrPpm=Low,1,0,0
Fe2O3,DistCoast,Lat,NiPpm,CrPpm,DistCoast=Low|Lat=High|NiPpm=Mid|CrPpm=Mid,0,3404255319148936,0,6595744680851063,0
Fe2O3,DistCoast,Lat,NiPpm,CrPpm,DistCoast=Low|Lat=High|NiPpm=High|CrPpm=High,0,11363636363636363,0,13636363636363635,0,75
Fe2O3,DistCoast,Lat,NiPpm,CrPpm,DistCoast=High|Lat=High|NiPpm=Low|CrPpm=Low,0,875,0,10416666666666667,0,020833333333333332
Fe2O3,DistCoast,Lat,NiPpm,CrPpm,DistCoast=Mid|Lat=High|NiPpm=Mid|CrPpm=Mid,0,3333333333333333,0,6470588235294118,0,0196078431372549
Fe2O3,DistCoast,Lat,NiPpm,CrPpm,DistCoast=High|Lat=Low|NiPpm=Mid|CrPpm=Low,0,2857142857142857,0,6190476190476191,0,09523809523809523
Fe2O3,DistCoast,Lat,NiPpm,CrPpm,DistCoast=Low|Lat=Low|NiPpm=Missing|CrPpm=Missing,0,0,0
Fe2O3,DistCoast,Lat,NiPpm,CrPpm,DistCoast=Mid|Lat=High|NiPpm=Low|CrPpm=Mid,0,3333333333333333,0,6666666666666666,0
Fe2O3,DistCoast,Lat,NiPpm,CrPpm,DistCoast=High|Lat=High|NiPpm=Mid|CrPpm=Mid,0,25,0,3333333333333333,0,4166666666666667
Fe2O3,DistCoast,Lat,NiPpm,CrPpm,DistCoast=Mid|Lat=Low|NiPpm=Low|CrPpm=High,0,1,0
Fe2O3,DistCoast,Lat,NiPpm,CrPpm,DistCoast=High|Lat=Low|NiPpm=Low|CrPpm=Low,0,5333333333333333,0,43333333333333335,0,03333333333333333
Fe2O3,DistCoast,Lat,NiPpm,CrPpm,DistCoast=Mid|Lat=Low|NiPpm=Mid|CrPpm=Low,0,030303030303030304,0,9090909090909091,0,06060606060606061
Fe2O3,DistCoast,Lat,NiPpm,CrPpm,DistCoast=High|Lat=Mid|NiPpm=Missing|CrPpm=Missing,0,0,0
Fe2O3,DistCoast,Lat,NiPpm,CrPpm,DistCoast=Low|Lat=Mid|NiPpm=Mid|CrPpm=Low,0,21739130434782608,0,782608695652174,0
Fe2O3,DistCoast,Lat,NiPpm,CrPpm,DistCoast=Low|Lat=Mid|NiPpm=Missing|CrPpm=Missing,0,0,0
Fe2O3,DistCoast,Lat,NiPpm,CrPpm,DistCoast=Low|Lat=Low|NiPpm=Low|CrPpm=Low,0,8214285714285714,0,17857142857142858,0
Fe2O3,DistCoast,Lat,NiPpm,CrPpm,DistCoast=High|Lat=Mid|NiPpm=Low|CrPpm=Low,0,6493506493506493,0,33766233766233766,0,012987012987012988
Fe2O3,DistCoast,Lat,NiPpm,CrPpm,DistCoast=Low|Lat=Low|NiPpm=High|CrPpm=High,0,11206896551724138,0,13793103448275862,0,75
Fe2O3,DistCoast,Lat,NiPpm,CrPpm,DistCoast=Low|Lat=Low|NiPpm=Low|CrPpm=Mid,0,6666666666666666,0,3333333333333333,0
Fe2O3,DistCoast,Lat,NiPpm,CrPpm,DistCoast=Low|Lat=Mid|NiPpm=Low|CrPpm=Mid,1,0,0
Fe2O3,DistCoast,Lat,NiPpm,CrPpm,DistCoast=Low|Lat=Mid|NiPpm=Mid|CrPpm=High,0,1,0
Fe2O3,DistCoast,Lat,NiPpm,CrPpm,DistCoast=High|Lat=Mid|NiPpm=High|CrPpm=Mid,0,08333333333333333,0,3611111111111111,0,5555555555555556
Fe2O3,DistCoast,Lat,NiPpm,CrPpm,DistCoast=Mid|Lat=High|NiPpm=Mid|CrPpm=High,0,08571428571428572,0,4,0,5142857142857142
Fe2O3,DistCoast,Lat,NiPpm,CrPpm,DistCoast=High|Lat=Low|NiPpm=Low|CrPpm=Mid,0,5555555555555556,0,3888888888888889,0,05555555555555555
Fe2O3,DistCoast,Lat,NiPpm,CrPpm,DistCoast=Low|Lat=Low|NiPpm=Mid|CrPpm=Mid,0,10344827586206896,0,10344827586206896,0,7931034482758621
Fe2O3,DistCoast,Lat,NiPpm,CrPpm,DistCoast=Mid|Lat=Low|NiPpm=Mid|CrPpm=Mid,0,0,5,0,5
Fe2O3,DistCoast,Lat,NiPpm,CrPpm,DistCoast=Low|Lat=High|NiPpm=Mid|CrPpm=High,0,15384615384615385,0,41025641025641024,0,4358974358974359
Fe2O3,DistCoast,Lat,NiPpm,CrPpm,DistCoast=Low|Lat=Low|NiPpm=Mid|CrPpm=High,0,0,4166666666666667,0,5833333333333334
Fe2O3,DistCoast,Lat,NiPpm,CrPpm,DistCoast=Mid|Lat=Mid|NiPpm=Low|CrPpm=Mid,0,0,9444444444444444,0,05555555555555555
Fe2O3,DistCoast,Lat,NiPpm,CrPpm,DistCoast=High|Lat=Mid|NiPpm=Low|CrPpm=Mid,0,9333333333333333,0,06666666666666667,0
Fe2O3,DistCoast,Lat,NiPpm,CrPpm,DistCoast=High|Lat=Low|NiPpm=Mid|CrPpm=Mid,0,5,0,0,5
Fe2O3,DistCoast,Lat,NiPpm,CrPpm,DistCoast=Mid|Lat=Mid|NiPpm=Mid|CrPpm=High,0,0,1
Fe2O3,DistCoast,Lat,NiPpm,CrPpm,DistCoast=High|Lat=Low|NiPpm=High|CrPpm=Mid,0,1875,0,0625,0,75
Fe2O3,DistCoast,Lat,NiPpm,CrPpm,DistCoast=High|Lat=High|NiPpm=Low|CrPpm=Mid,1,0,0
Fe2O3,DistCoast,Lat,NiPpm,CrPpm,DistCoast=Low|Lat=High|NiPpm=Low|CrPpm=Mid,0,5555555555555556,0,4444444444444444,0
Fe2O3,DistCoast,Lat,NiPpm,CrPpm,DistCoast=Low|Lat=High|NiPpm=Missing|CrPpm=Missing,0,0,0
Fe2O3,DistCoast,Lat,NiPpm,CrPpm,DistCoast=Mid|Lat=High|NiPpm=Mid|CrPpm=Low,1,0,0
Fe2O3,DistCoast,Lat,NiPpm,CrPpm,DistCoast=Low|Lat=High|NiPpm=Low|CrPpm=Low,1,0,0
Fe2O3,DistCoast,Lat,NiPpm,CrPpm,DistCoast=Mid|Lat=Low|NiPpm=Low|CrPpm=Mid,0,5,0,5,0
Fe2O3,DistCoast,Lat,NiPpm,CrPpm,DistCoast=Mid|Lat=High|NiPpm=Low|CrPpm=High,0,25,0,75,0
Fe2O3,DistCoast,Lat,NiPpm,CrPpm,DistCoast=Low|Lat=Mid|NiPpm=High|CrPpm=Mid,1,0,0
Fe2O3,DistCoast,Lat,NiPpm,CrPpm,DistCoast=High|Lat=Low|NiPpm=High|CrPpm=High,0,0,14285714285714285,0,8571428571428571
Fe2O3,DistCoast,Lat,NiPpm,CrPpm,DistCoast=Low|Lat=Mid|NiPpm=High|CrPpm=Low,0,0,1
Fe2O3,DistCoast,Lat,NiPpm,CrPpm,DistCoast=Mid|Lat=Low|NiPpm=Missing|CrPpm=Missing,0,0,0
Fe2O3,DistCoast,Lat,NiPpm,CrPpm,DistCoast=Mid|Lat=Mid|NiPpm=Missing|CrPpm=Missing,0,0,0
Fe2O3,DistCoast,Lat,NiPpm,CrPpm,DistCoast=High|Lat=Low|NiPpm=Mid|CrPpm=High,0,1,0
Fe2O3,DistCoast,Lat,NiPpm,CrPpm,DistCoast=Mid|Lat=High|NiPpm=High|CrPpm=Mid,0,45454545454545453,0,5454545454545454,0
Fe2O3,DistCoast,Lat,NiPpm,CrPpm,DistCoast=High|Lat=Mid|NiPpm=Mid|CrPpm=High,0,6666666666666666,0,0,3333333333333333
Fe2O3,DistCoast,Lat,NiPpm,CrPpm,DistCoast=Low|Lat=Low|NiPpm=High|CrPpm=Mid,1,0,0
Fe2O3,DistCoast,Lat,NiPpm,CrPpm,DistCoast=High|Lat=High|NiPpm=Low|CrPpm=High,0,1,0
Fe2O3,DistCoast,Lat,NiPpm,CrPpm,DistCoast=High|Lat=Low|NiPpm=High|CrPpm=Low,0,0,1
Fe2O3,DistCoast,Lat,NiPpm,CrPpm,DistCoast=Low|Lat=High|NiPpm=High|CrPpm=Mid,0,0,1
NiPpm,DistCoast,HarvestHostvete,HarvestSlattervallTotal,DistCoast=Mid|HarvestHostvete=Mid|HarvestSlattervallTotal=Mid,0,15602836879432624,0,11347517730496454,0,7304964539007093
NiPpm,DistCoast,HarvestHostvete,HarvestSlattervallTotal,DistCoast=Mid|HarvestHostvete=Missing|HarvestSlattervallTotal=Low,0,31683168316831684,0,3069306930693069,0,13861386138613863
NiPpm,DistCoast,HarvestHostvete,HarvestSlattervallTotal,DistCoast=High|HarvestHostvete=Low|HarvestSlattervallTotal=Low,0,2743142144638404,0,2817955112219451,0,2119700748129676
NiPpm,DistCoast,HarvestHostvete,HarvestSlattervallTotal,DistCoast=High|HarvestHostvete=High|HarvestSlattervallTotal=High,0,26548672566371684,0,12389380530973451,0,6106194690265486
NiPpm,DistCoast,HarvestHostvete,HarvestSlattervallTotal,DistCoast=Low|HarvestHostvete=Low|HarvestSlattervallTotal=Mid,0,4744525547445255,0,48905109489051096,0,029197080291970802
NiPpm,DistCoast,HarvestHostvete,HarvestSlattervallTotal,DistCoast=Mid|HarvestHostvete=Low|HarvestSlattervallTotal=Low,0,4,0,30714285714285716,0,2571428571428571
NiPpm,DistCoast,HarvestHostvete,HarvestSlattervallTotal,DistCoast=High|HarvestHostvete=Mid|HarvestSlattervallTotal=Low,0,08333333333333333,0,3958333333333333,0,5208333333333334
NiPpm,DistCoast,HarvestHostvete,HarvestSlattervallTotal,DistCoast=Low|HarvestHostvete=Mid|HarvestSlattervallTotal=High,0,43636363636363634,0,05454545454545454,0,05454545454545454
NiPpm,DistCoast,HarvestHostvete,HarvestSlattervallTotal,DistCoast=Mid|HarvestHostvete=High|HarvestSlattervallTotal=High,0,37037037037037035,0,37037037037037035,0,25925925925925924
NiPpm,DistCoast,HarvestHostvete,HarvestSlattervallTotal,DistCoast=High|HarvestHostvete=Low|HarvestSlattervallTotal=Missing,0,23529411764705882,0,17647058823529413,0,43137254901960786
NiPpm,DistCoast,HarvestHostvete,HarvestSlattervallTotal,DistCoast=Low|HarvestHostvete=High|HarvestSlattervallTotal=High,0,43609022556390975,0,3458646616541353,0,21804511278195488
NiPpm,DistCoast,HarvestHostvete,HarvestSlattervallTotal,DistCoast=Low|HarvestHostvete=Mid|HarvestSlattervallTotal=Low,0,7105263157894737,0,18421052631578946,0,10526315789473684
NiPpm,DistCoast,HarvestHostvete,HarvestSlattervallTotal,DistCoast=Low|HarvestHostvete=Missing|HarvestSlattervallTotal=Low,0,21495327102803738,0,4392523364485981,0,2336448598130841
NiPpm,DistCoast,HarvestHostvete,HarvestSlattervallTotal,DistCoast=High|HarvestHostvete=Mid|HarvestSlattervallTotal=Mid,0,28,0,34,0,38
NiPpm,DistCoast,HarvestHostvete,HarvestSlattervallTotal,DistCoast=Low|HarvestHostvete=Mid|HarvestSlattervallTotal=Mid,0,014285714285714285,0,12142857142857143,0,85
NiPpm,DistCoast,HarvestHostvete,HarvestSlattervallTotal,DistCoast=High|HarvestHostvete=Missing|HarvestSlattervallTotal=Low,0,2,0,25,0,35
NiPpm,DistCoast,HarvestHostvete,HarvestSlattervallTotal,DistCoast=Low|HarvestHostvete=Low|HarvestSlattervallTotal=Low,0,16666666666666666,0,4722222222222222,0,06944444444444445
NiPpm,DistCoast,HarvestHostvete,HarvestSlattervallTotal,DistCoast=Mid|HarvestHostvete=Low|HarvestSlattervallTotal=Mid,0,2823529411764706,0,5294117647058824,0,16470588235294117
NiPpm,DistCoast,HarvestHostvete,HarvestSlattervallTotal,DistCoast=Mid|HarvestHostvete=Mid|HarvestSlattervallTotal=High,0,5757575757575758,0,030303030303030304,0,2727272727272727
NiPpm,DistCoast,HarvestHostvete,HarvestSlattervallTotal,DistCoast=High|HarvestHostvete=Missing|HarvestSlattervallTotal=Missing,0,9,0,06666666666666667,0,03333333333333333
NiPpm,DistCoast,HarvestHostvete,HarvestSlattervallTotal,DistCoast=Mid|HarvestHostvete=Mid|HarvestSlattervallTotal=Missing,1,0,0
NiPpm,DistCoast,HarvestHostvete,HarvestSlattervallTotal,DistCoast=Mid|HarvestHostvete=Mid|HarvestSlattervallTotal=Low,0,21428571428571427,0,07142857142857142,0,7142857142857143
NiPpm,DistCoast,HarvestHostvete,HarvestSlattervallTotal,DistCoast=Mid|HarvestHostvete=Missing|HarvestSlattervallTotal=Missing,1,0,0
NiPpm,DistCoast,HarvestHostvete,HarvestSlattervallTotal,DistCoast=High|HarvestHostvete=Mid|HarvestSlattervallTotal=High,1,0,0
NiPpm,DistCoast,HarvestHostvete,HarvestSlattervallTotal,DistCoast=Low|HarvestHostvete=Mid|HarvestSlattervallTotal=Missing,0,9090909090909091,0,09090909090909091,0
NiPpm,DistCoast,HarvestHostvete,HarvestSlattervallTotal,DistCoast=Low|HarvestHostvete=Missing|HarvestSlattervallTotal=Missing,0,3333333333333333,0,3333333333333333,0
NiPpm,DistCoast,HarvestHostvete,HarvestSlattervallTotal,DistCoast=High|HarvestHostvete=Low|HarvestSlattervallTotal=Mid,0,1,0
CrPpm,DirCoast,HarvestHostvete,NiPpm,DirCoast=High|HarvestHostvete=Mid|NiPpm=Mid,0,1875,0,0625,0,75
CrPpm,DirCoast,HarvestHostvete,NiPpm,DirCoast=Low|HarvestHostvete=Missing|NiPpm=Missing,0,0,0
CrPpm,DirCoast,HarvestHostvete,NiPpm,DirCoast=Low|HarvestHostvete=Low|NiPpm=Missing,0,0,0
CrPpm,DirCoast,HarvestHostvete,NiPpm,DirCoast=Mid|HarvestHostvete=High|NiPpm=High,0,0,8472222222222222,0,1527777777777778
CrPpm,DirCoast,HarvestHostvete,NiPpm,DirCoast=Mid|HarvestHostvete=Low|NiPpm=Missing,0,0,0
CrPpm,DirCoast,HarvestHostvete,NiPpm,DirCoast=High|HarvestHostvete=Mid|NiPpm=High,0,0,047244094488188976,0,952755905511811
CrPpm,DirCoast,HarvestHostvete,NiPpm,DirCoast=Mid|HarvestHostvete=Mid|NiPpm=High,0,0,04395604395604396,0,9560439560439561
CrPpm,DirCoast,HarvestHostvete,NiPpm,DirCoast=Low|HarvestHostvete=Low|NiPpm=Low,0,7333333333333333,0,26666666666666666,0
CrPpm,DirCoast,HarvestHostvete,NiPpm,DirCoast=Low|HarvestHostvete=Mid|NiPpm=Low,0,8875,0,1,0,0125
CrPpm,DirCoast,HarvestHostvete,NiPpm,DirCoast=High|HarvestHostvete=Low|NiPpm=High,0,05154639175257732,0,38144329896907214,0,5670103092783505
CrPpm,DirCoast,HarvestHostvete,NiPpm,DirCoast=High|HarvestHostvete=Low|NiPpm=Mid,0,4014084507042254,0,5633802816901409,0,035211267605633804
CrPpm,DirCoast,HarvestHostvete,NiPpm,DirCoast=Mid|HarvestHostvete=Low|NiPpm=Low,0,7894736842105263,0,21052631578947367,0
CrPpm,DirCoast,HarvestHostvete,NiPpm,DirCoast=Mid|HarvestHostvete=Low|NiPpm=Mid,0,35251798561151076,0,60431654676259,0,04316546762589928
CrPpm,DirCoast,HarvestHostvete,NiPpm,DirCoast=Low|HarvestHostvete=Mid|NiPpm=Mid,0,6666666666666666,0,28888888888888886,0,044444444444444446
CrPpm,DirCoast,HarvestHostvete,NiPpm,DirCoast=Low|HarvestHostvete=Mid|NiPpm=High,0,0,35135135135135137,0,6486486486486487
CrPpm,DirCoast,HarvestHostvete,NiPpm,DirCoast=High|HarvestHostvete=High|NiPpm=High,0,0,1
CrPpm,DirCoast,HarvestHostvete,NiPpm,DirCoast=Mid|HarvestHostvete=Low|NiPpm=High,0,029411764705882353,0,4117647058823529,0,5588235294117647
CrPpm,DirCoast,HarvestHostvete,NiPpm,DirCoast=High|HarvestHostvete=Low|NiPpm=Low,0,8345323741007195,0,1510791366906475,0,014388489208633094
CrPpm,DirCoast,HarvestHostvete,NiPpm,DirCoast=Mid|HarvestHostvete=High|NiPpm=Low,0,6875,0,265625,0,046875
CrPpm,DirCoast,HarvestHostvete,NiPpm,DirCoast=Low|HarvestHostvete=Low|NiPpm=High,0,0,17142857142857143,0,8285714285714286
CrPpm,DirCoast,HarvestHostvete,NiPpm,DirCoast=Low|HarvestHostvete=High|NiPpm=Mid,0,03508771929824561,0,5087719298245614,0,45614035087719296
CrPpm,DirCoast,HarvestHostvete,NiPpm,DirCoast=Low|HarvestHostvete=High|NiPpm=High,0,0,13114754098360656,0,8688524590163934
CrPpm,DirCoast,HarvestHostvete,NiPpm,DirCoast=Mid|HarvestHostvete=Mid|NiPpm=Mid,0,09523809523809523,0,5714285714285714,0,3333333333333333
CrPpm,DirCoast,HarvestHostvete,NiPpm,DirCoast=Mid|HarvestHostvete=High|NiPpm=Mid,0,03225806451612903,0,3870967741935484,0,5806451612903226
CrPpm,DirCoast,HarvestHostvete,NiPpm,DirCoast=Low|HarvestHostvete=High|NiPpm=Low,0,6081081081081081,0,3783783783783784,0,013513513513513514
CrPpm,DirCoast,HarvestHostvete,NiPpm,DirCoast=High|HarvestHostvete=Missing|NiPpm=Mid,0,0,8888888888888888,0,1111111111111111
CrPpm,DirCoast,HarvestHostvete,NiPpm,DirCoast=Mid|HarvestHostvete=Missing|NiPpm=High,0,0,1
CrPpm,DirCoast,HarvestHostvete,NiPpm,DirCoast=Low|HarvestHostvete=Missing|NiPpm=Mid,0,0,7962962962962963,0,2037037037037037
CrPpm,DirCoast,HarvestHostvete,NiPpm,DirCoast=High|HarvestHostvete=High|NiPpm=Mid,0,0,21875,0,78125
CrPpm,DirCoast,HarvestHostvete,NiPpm,DirCoast=High|HarvestHostvete=Mid|NiPpm=Missing,0,0,0
CrPpm,DirCoast,HarvestHostvete,NiPpm,DirCoast=Mid|HarvestHostvete=Mid|NiPpm=Missing,0,0,0
CrPpm,DirCoast,HarvestHostvete,NiPpm,DirCoast=Low|HarvestHostvete=Missing|NiPpm=High,0,0,16666666666666666,0,8333333333333334
CrPpm,DirCoast,HarvestHostvete,NiPpm,DirCoast=Low|HarvestHostvete=Missing|NiPpm=Low,0,3125,0,40625,0,28125
CrPpm,DirCoast,HarvestHostvete,NiPpm,DirCoast=High|HarvestHostvete=Mid|NiPpm=Low,0,9375,0,0625,0
CrPpm,DirCoast,HarvestHostvete,NiPpm,DirCoast=High|HarvestHostvete=Low|NiPpm=Missing,0,0,0
CrPpm,DirCoast,HarvestHostvete,NiPpm,DirCoast=Low|HarvestHostvete=Low|NiPpm=Mid,0,12903225806451613,0,6774193548387096,0,1935483870967742
CrPpm,DirCoast,HarvestHostvete,NiPpm,DirCoast=High|HarvestHostvete=High|NiPpm=Low,0,4,0,6,0
CrPpm,DirCoast,HarvestHostvete,NiPpm,DirCoast=Mid|HarvestHostvete=Missing|NiPpm=Low,0,25,0,75,0
CrPpm,DirCoast,HarvestHostvete,NiPpm,DirCoast=Mid|HarvestHostvete=Mid|NiPpm=Low,0,98,0,02,0
CrPpm,DirCoast,HarvestHostvete,NiPpm,DirCoast=Low|HarvestHostvete=Mid|NiPpm=Missing,0,0,0
CrPpm,DirCoast,HarvestHostvete,NiPpm,DirCoast=High|HarvestHostvete=Missing|NiPpm=High,0,09090909090909091,0,0,9090909090909091
CrPpm,DirCoast,HarvestHostvete,NiPpm,DirCoast=Mid|HarvestHostvete=Missing|NiPpm=Mid,0,07142857142857142,0,7142857142857143,0,21428571428571427
CrPpm,DirCoast,HarvestHostvete,NiPpm,DirCoast=Mid|HarvestHostvete=Missing|NiPpm=Missing,0,0,0
CrPpm,DirCoast,HarvestHostvete,NiPpm,DirCoast=High|HarvestHostvete=Missing|NiPpm=Low,0,25,0,75,0
CrPpm,DirCoast,HarvestHostvete,NiPpm,DirCoast=High|HarvestHostvete=Missing|NiPpm=Missing,0,0,0
IsMoran,DistCoast,Lat,GlobalDensity,DistCoast=Mid|Lat=Low|GlobalDensity=Mid,0,43283582089552236,0,0,5671641791044776
IsMoran,DistCoast,Lat,GlobalDensity,DistCoast=Mid|Lat=High|GlobalDensity=Low,0,75,0,0,25
IsMoran,DistCoast,Lat,GlobalDensity,DistCoast=High|Lat=High|GlobalDensity=Mid,0,7802197802197802,0,0,21978021978021978
IsMoran,DistCoast,Lat,GlobalDensity,DistCoast=High|Lat=High|GlobalDensity=Low,0,957983193277311,0,0,04201680672268908
IsMoran,DistCoast,Lat,GlobalDensity,DistCoast=Mid|Lat=Low|GlobalDensity=Low,0,5416666666666666,0,0,4583333333333333
IsMoran,DistCoast,Lat,GlobalDensity,DistCoast=Low|Lat=Mid|GlobalDensity=Mid,0,9571428571428572,0,0,04285714285714286
IsMoran,DistCoast,Lat,GlobalDensity,DistCoast=Mid|Lat=Low|GlobalDensity=High,0,7678571428571429,0,0,23214285714285715
IsMoran,DistCoast,Lat,GlobalDensity,DistCoast=Mid|Lat=Mid|GlobalDensity=Mid,0,8211382113821138,0,0,17886178861788618
IsMoran,DistCoast,Lat,GlobalDensity,DistCoast=High|Lat=Mid|GlobalDensity=High,0,584070796460177,0,0,415929203539823
IsMoran,DistCoast,Lat,GlobalDensity,DistCoast=Mid|Lat=Mid|GlobalDensity=High,0,6,0,0,4
IsMoran,DistCoast,Lat,GlobalDensity,DistCoast=Low|Lat=Low|GlobalDensity=Mid,0,8685446009389671,0,0,13145539906103287
IsMoran,DistCoast,Lat,GlobalDensity,DistCoast=High|Lat=High|GlobalDensity=High,0,7804878048780488,0,0,21951219512195122
IsMoran,DistCoast,Lat,GlobalDensity,DistCoast=Low|Lat=Mid|GlobalDensity=High,1,0,0
IsMoran,DistCoast,Lat,GlobalDensity,DistCoast=Mid|Lat=High|GlobalDensity=Mid,0,125,0,0,875
IsMoran,DistCoast,Lat,GlobalDensity,DistCoast=Low|Lat=High|GlobalDensity=Low,0,728110599078341,0,0,271889400921659
IsMoran,DistCoast,Lat,GlobalDensity,DistCoast=High|Lat=Low|GlobalDensity=Mid,0,5172413793103449,0,0,4827586206896552
IsMoran,DistCoast,Lat,GlobalDensity,DistCoast=Low|Lat=Low|GlobalDensity=Low,0,7021276595744681,0,0,2978723404255319
IsMoran,DistCoast,Lat,GlobalDensity,DistCoast=High|Lat=Low|GlobalDensity=High,0,37681159420289856,0,0,6231884057971014
IsMoran,DistCoast,Lat,GlobalDensity,DistCoast=High|Lat=Mid|GlobalDensity=Mid,0,9642857142857143,0,0,03571428571428571
IsMoran,DistCoast,Lat,GlobalDensity,DistCoast=Low|Lat=Mid|GlobalDensity=Low,1,0,0
IsMoran,DistCoast,Lat,GlobalDensity,DistCoast=Low|Lat=Low|GlobalDensity=High,1,0,0
IsMoran,DistCoast,Lat,GlobalDensity,DistCoast=Mid|Lat=Mid|GlobalDensity=Low,0,9,0,0,1
IsLera,,(no-parents),0,9449715370018975,0,0,05502846299810247
Al2O3,Lat,Fe2O3,CrPpm,SiO2,Lat=Low|Fe2O3=Mid|CrPpm=High|SiO2=Low,0,7555555555555555,0,2222222222222222,0,022222222222222223
Al2O3,Lat,Fe2O3,CrPpm,SiO2,Lat=High|Fe2O3=Missing|CrPpm=Missing|SiO2=Missing,0,0,0
Al2O3,Lat,Fe2O3,CrPpm,SiO2,Lat=High|Fe2O3=High|CrPpm=Mid|SiO2=Low,0,0,027777777777777776,0,9722222222222222
Al2O3,Lat,Fe2O3,CrPpm,SiO2,Lat=Low|Fe2O3=Mid|CrPpm=Mid|SiO2=Mid,0,0,09090909090909091,0,9090909090909091
Al2O3,Lat,Fe2O3,CrPpm,SiO2,Lat=Low|Fe2O3=High|CrPpm=High|SiO2=High,0,13333333333333333,0,2,0,6666666666666666
Al2O3,Lat,Fe2O3,CrPpm,SiO2,Lat=Mid|Fe2O3=High|CrPpm=Low|SiO2=High,0,0,1
Al2O3,Lat,Fe2O3,CrPpm,SiO2,Lat=Low|Fe2O3=Low|CrPpm=Low|SiO2=High,0,8301886792452831,0,16981132075471697,0
Al2O3,Lat,Fe2O3,CrPpm,SiO2,Lat=Mid|Fe2O3=Mid|CrPpm=Low|SiO2=Mid,0,5945945945945946,0,24324324324324326,0,16216216216216217
Al2O3,Lat,Fe2O3,CrPpm,SiO2,Lat=Mid|Fe2O3=Low|CrPpm=Low|SiO2=High,0,9603960396039604,0,0297029702970297,0,009900990099009901
Al2O3,Lat,Fe2O3,CrPpm,SiO2,Lat=Mid|Fe2O3=High|CrPpm=High|SiO2=Mid,0,4,0,16,0,44
Al2O3,Lat,Fe2O3,CrPpm,SiO2,Lat=Mid|Fe2O3=High|CrPpm=High|SiO2=Low,0,21428571428571427,0,3333333333333333,0,4523809523809524
Al2O3,Lat,Fe2O3,CrPpm,SiO2,Lat=Mid|Fe2O3=Mid|CrPpm=High|SiO2=High,1,0,0
Al2O3,Lat,Fe2O3,CrPpm,SiO2,Lat=Mid|Fe2O3=Low|CrPpm=Mid|SiO2=High,0,86,0,14,0
Al2O3,Lat,Fe2O3,CrPpm,SiO2,Lat=Mid|Fe2O3=High|CrPpm=Mid|SiO2=Low,0,12,0,52,0,36
Al2O3,Lat,Fe2O3,CrPpm,SiO2,Lat=Mid|Fe2O3=High|CrPpm=Mid|SiO2=Mid,0,6785714285714286,0,21428571428571427,0,10714285714285714
Al2O3,Lat,Fe2O3,CrPpm,SiO2,Lat=Low|Fe2O3=Mid|CrPpm=Low|SiO2=Low,0,0,27450980392156865,0,7254901960784313
Al2O3,Lat,Fe2O3,CrPpm,SiO2,Lat=High|Fe2O3=High|CrPpm=High|SiO2=Low,0,11702127659574468,0,35106382978723405,0,5319148936170213
Al2O3,Lat,Fe2O3,CrPpm,SiO2,Lat=Mid|Fe2O3=Low|CrPpm=High|SiO2=High,1,0,0
Al2O3,Lat,Fe2O3,CrPpm,SiO2,Lat=High|Fe2O3=Mid|CrPpm=Low|SiO2=High,1,0,0
Al2O3,Lat,Fe2O3,CrPpm,SiO2,Lat=Mid|Fe2O3=Low|CrPpm=Mid|SiO2=Mid,0,09090909090909091,0,7272727272727273,0,18181818181818182
Al2O3,Lat,Fe2O3,CrPpm,SiO2,Lat=Mid|Fe2O3=Mid|CrPpm=High|SiO2=Mid,0,0,6666666666666666,0,3333333333333333
Al2O3,Lat,Fe2O3,CrPpm,SiO2,Lat=High|Fe2O3=Low|CrPpm=Low|SiO2=High,0,9894736842105263,0,010526315789473684,0
Al2O3,Lat,Fe2O3,CrPpm,SiO2,Lat=High|Fe2O3=High|CrPpm=High|SiO2=Mid,0,5454545454545454,0,2727272727272727,0,18181818181818182
Al2O3,Lat,Fe2O3,CrPpm,SiO2,Lat=High|Fe2O3=Mid|CrPpm=Mid|SiO2=Low,0,16393442622950818,0,7540983606557377,0,08196721311475409
Al2O3,Lat,Fe2O3,CrPpm,SiO2,Lat=High|Fe2O3=High|CrPpm=High|SiO2=High,0,0,1
Al2O3,Lat,Fe2O3,CrPpm,SiO2,Lat=Low|Fe2O3=High|CrPpm=High|SiO2=Low,0,12844036697247707,0,10091743119266056,0,7706422018348624
Al2O3,Lat,Fe2O3,CrPpm,SiO2,Lat=Mid|Fe2O3=High|CrPpm=Low|SiO2=Mid,0,9615384615384616,0,038461538461538464,0
Al2O3,Lat,Fe2O3,CrPpm,SiO2,Lat=High|Fe2O3=Low|CrPpm=Mid|SiO2=Low,0,8,0,2,0
Al2O3,Lat,Fe2O3,CrPpm,SiO2,Lat=High|Fe2O3=Mid|CrPpm=Mid|SiO2=Mid,0,796875,0,203125,0
Al2O3,Lat,Fe2O3,CrPpm,SiO2,Lat=Low|Fe2O3=Mid|CrPpm=Low|SiO2=Mid,0,2558139534883721,0,6046511627906976,0,13953488372093023
Al2O3,Lat,Fe2O3,CrPpm,SiO2,Lat=Low|Fe2O3=Missing|CrPpm=Missing|SiO2=Missing,0,0,0
Al2O3,Lat,Fe2O3,CrPpm,SiO2,Lat=High|Fe2O3=Mid|CrPpm=High|SiO2=Low,0,36363636363636365,0,06060606060606061,0,5757575757575758
Al2O3,Lat,Fe2O3,CrPpm,SiO2,Lat=High|Fe2O3=Low|CrPpm=Mid|SiO2=High,0,9591836734693877,0,04081632653061224,0
Al2O3,Lat,Fe2O3,CrPpm,SiO2,Lat=High|Fe2O3=Mid|CrPpm=Mid|SiO2=High,0,75,0,25,0
Al2O3,Lat,Fe2O3,CrPpm,SiO2,Lat=Low|Fe2O3=Mid|CrPpm=High|SiO2=High,0,3333333333333333,0,6666666666666666,0
Al2O3,Lat,Fe2O3,CrPpm,SiO2,Lat=Low|Fe2O3=Low|CrPpm=Low|SiO2=Mid,0,3508771929824561,0,42105263157894735,0,22807017543859648
Al2O3,Lat,Fe2O3,CrPpm,SiO2,Lat=Low|Fe2O3=High|CrPpm=Low|SiO2=Low,0,0,1
Al2O3,Lat,Fe2O3,CrPpm,SiO2,Lat=Mid|Fe2O3=Missing|CrPpm=Missing|SiO2=Missing,0,0,0
Al2O3,Lat,Fe2O3,CrPpm,SiO2,Lat=Low|Fe2O3=Low|CrPpm=Low|SiO2=Low,0,7073170731707317,0,24390243902439024,0,04878048780487805
Al2O3,Lat,Fe2O3,CrPpm,SiO2,Lat=Mid|Fe2O3=Low|CrPpm=Mid|SiO2=Low,0,14285714285714285,0,0,8571428571428571
Al2O3,Lat,Fe2O3,CrPpm,SiO2,Lat=Mid|Fe2O3=High|CrPpm=High|SiO2=High,0,5,0,5,0
Al2O3,Lat,Fe2O3,CrPpm,SiO2,Lat=Mid|Fe2O3=Mid|CrPpm=Low|SiO2=High,0,9629629629629629,0,037037037037037035,0
Al2O3,Lat,Fe2O3,CrPpm,SiO2,Lat=Low|Fe2O3=High|CrPpm=High|SiO2=Mid,0,45098039215686275,0,2549019607843137,0,29411764705882354
Al2O3,Lat,Fe2O3,CrPpm,SiO2,Lat=Mid|Fe2O3=Mid|CrPpm=Mid|SiO2=High,0,82,0,18,0
Al2O3,Lat,Fe2O3,CrPpm,SiO2,Lat=Low|Fe2O3=Low|CrPpm=Mid|SiO2=Mid,0,0,8571428571428571,0,14285714285714285
Al2O3,Lat,Fe2O3,CrPpm,SiO2,Lat=Mid|Fe2O3=Mid|CrPpm=High|SiO2=Low,0,6666666666666666,0,0,3333333333333333
Al2O3,Lat,Fe2O3,CrPpm,SiO2,Lat=Low|Fe2O3=Low|CrPpm=Mid|SiO2=Low,0,4117647058823529,0,11764705882352941,0,47058823529411764
Al2O3,Lat,Fe2O3,CrPpm,SiO2,Lat=High|Fe2O3=Mid|CrPpm=High|SiO2=Mid,0,2727272727272727,0,6363636363636364,0,09090909090909091
Al2O3,Lat,Fe2O3,CrPpm,SiO2,Lat=Low|Fe2O3=Low|CrPpm=Mid|SiO2=High,1,0,0
Al2O3,Lat,Fe2O3,CrPpm,SiO2,Lat=Mid|Fe2O3=Mid|CrPpm=Mid|SiO2=Mid,0,24615384615384617,0,7384615384615385,0,015384615384615385
Al2O3,Lat,Fe2O3,CrPpm,SiO2,Lat=Low|Fe2O3=High|CrPpm=Mid|SiO2=Low,0,0,1794871794871795,0,8205128205128205
Al2O3,Lat,Fe2O3,CrPpm,SiO2,Lat=High|Fe2O3=Low|CrPpm=High|SiO2=Mid,0,42857142857142855,0,5,0,07142857142857142
Al2O3,Lat,Fe2O3,CrPpm,SiO2,Lat=Low|Fe2O3=Low|CrPpm=High|SiO2=Low,0,6,0,2,0,2
Al2O3,Lat,Fe2O3,CrPpm,SiO2,Lat=Mid|Fe2O3=Low|CrPpm=High|SiO2=Mid,0,1,0
Al2O3,Lat,Fe2O3,CrPpm,SiO2,Lat=Low|Fe2O3=High|CrPpm=Mid|SiO2=Mid,0,6,0,4,0
Al2O3,Lat,Fe2O3,CrPpm,SiO2,Lat=Low|Fe2O3=Mid|CrPpm=Mid|SiO2=High,0,8,0,2,0
Al2O3,Lat,Fe2O3,CrPpm,SiO2,Lat=Mid|Fe2O3=High|CrPpm=Low|SiO2=Low,0,0,3,0,7
Al2O3,Lat,Fe2O3,CrPpm,SiO2,Lat=High|Fe2O3=Mid|CrPpm=High|SiO2=High,0,47619047619047616,0,5238095238095238,0
Al2O3,Lat,Fe2O3,CrPpm,SiO2,Lat=High|Fe2O3=Low|CrPpm=Mid|SiO2=Mid,0,4666666666666667,0,3333333333333333,0,2
Al2O3,Lat,Fe2O3,CrPpm,SiO2,Lat=Low|Fe2O3=Mid|CrPpm=Mid|SiO2=Low,0,0,8,0,2
Al2O3,Lat,Fe2O3,CrPpm,SiO2,Lat=Low|Fe2O3=High|CrPpm=Low|SiO2=Mid,0,0,1
Al2O3,Lat,Fe2O3,CrPpm,SiO2,Lat=High|Fe2O3=Low|CrPpm=Low|SiO2=Low,0,9090909090909091,0,09090909090909091,0
Al2O3,Lat,Fe2O3,CrPpm,SiO2,Lat=Low|Fe2O3=Low|CrPpm=High|SiO2=Mid,0,1,0
Al2O3,Lat,Fe2O3,CrPpm,SiO2,Lat=Mid|Fe2O3=Low|CrPpm=Low|SiO2=Mid,0,3,0,7,0
Al2O3,Lat,Fe2O3,CrPpm,SiO2,Lat=High|Fe2O3=Low|CrPpm=Low|SiO2=Mid,0,8,0,2,0
Al2O3,Lat,Fe2O3,CrPpm,SiO2,Lat=High|Fe2O3=Mid|CrPpm=Low|SiO2=Mid,0,5,0,5,0
Al2O3,Lat,Fe2O3,CrPpm,SiO2,Lat=Mid|Fe2O3=High|CrPpm=Mid|SiO2=High,1,0,0
Al2O3,Lat,Fe2O3,CrPpm,SiO2,Lat=High|Fe2O3=Low|CrPpm=High|SiO2=Low,0,375,0,0,625
Al2O3,Lat,Fe2O3,CrPpm,SiO2,Lat=Low|Fe2O3=Mid|CrPpm=High|SiO2=Mid,0,0,1
Al2O3,Lat,Fe2O3,CrPpm,SiO2,Lat=Mid|Fe2O3=Low|CrPpm=Low|SiO2=Low,0,7142857142857143,0,14285714285714285,0,14285714285714285
Al2O3,Lat,Fe2O3,CrPpm,SiO2,Lat=Mid|Fe2O3=Mid|CrPpm=Low|SiO2=Low,0,0,5,0,5
Al2O3,Lat,Fe2O3,CrPpm,SiO2,Lat=Mid|Fe2O3=Low|CrPpm=High|SiO2=Low,0,6666666666666666,0,0,3333333333333333
Al2O3,Lat,Fe2O3,CrPpm,SiO2,Lat=Mid|Fe2O3=Mid|CrPpm=Mid|SiO2=Low,0,0,1
Al2O3,Lat,Fe2O3,CrPpm,SiO2,Lat=High|Fe2O3=Low|CrPpm=High|SiO2=High,0,1,0
Al2O3,Lat,Fe2O3,CrPpm,SiO2,Lat=High|Fe2O3=High|CrPpm=Mid|SiO2=Mid,0,0,1
Al2O3,Lat,Fe2O3,CrPpm,SiO2,Lat=High|Fe2O3=High|CrPpm=Low|SiO2=High,1,0,0
Al2O3,Lat,Fe2O3,CrPpm,SiO2,Lat=High|Fe2O3=Mid|CrPpm=Low|SiO2=Low,0,1,0
Al2O3,Lat,Fe2O3,CrPpm,SiO2,Lat=Low|Fe2O3=Mid|CrPpm=Low|SiO2=High,1,0,0
SiO2,HarvestSlattervallTotal,Lat,Fe2O3,CrPpm,HarvestSlattervallTotal=Mid|Lat=Low|Fe2O3=Mid|CrPpm=High,0,7627118644067796,0,05084745762711865,0,1864406779661017
SiO2,HarvestSlattervallTotal,Lat,Fe2O3,CrPpm,HarvestSlattervallTotal=Low|Lat=High|Fe2O3=Missing|CrPpm=Missing,0,0,0
SiO2,HarvestSlattervallTotal,Lat,Fe2O3,CrPpm,HarvestSlattervallTotal=High|Lat=High|Fe2O3=High|CrPpm=Mid,0,972972972972973,0,02702702702702703,0
SiO2,HarvestSlattervallTotal,Lat,Fe2O3,CrPpm,HarvestSlattervallTotal=Mid|Lat=Low|Fe2O3=Mid|CrPpm=Mid,0,19047619047619047,0,6190476190476191,0,19047619047619047
SiO2,HarvestSlattervallTotal,Lat,Fe2O3,CrPpm,HarvestSlattervallTotal=Mid|Lat=Low|Fe2O3=High|CrPpm=High,0,611764705882353,0,3,0,08823529411764706
SiO2,HarvestSlattervallTotal,Lat,Fe2O3,CrPpm,HarvestSlattervallTotal=Mid|Lat=Mid|Fe2O3=High|CrPpm=Low,0,5,0,0,5
SiO2,HarvestSlattervallTotal,Lat,Fe2O3,CrPpm,HarvestSlattervallTotal=Mid|Lat=Low|Fe2O3=Low|CrPpm=Low,0,4810126582278481,0,35443037974683544,0,16455696202531644
SiO2,HarvestSlattervallTotal,Lat,Fe2O3,CrPpm,HarvestSlattervallTotal=Low|Lat=Mid|Fe2O3=Mid|CrPpm=Low,0,02247191011235955,0,38202247191011235,0,5955056179775281
SiO2,HarvestSlattervallTotal,Lat,Fe2O3,CrPpm,HarvestSlattervallTotal=Low|Lat=Mid|Fe2O3=Low|CrPpm=Low,0,06481481481481481,0,09259259259259259,0,8425925925925926
SiO2,HarvestSlattervallTotal,Lat,Fe2O3,CrPpm,HarvestSlattervallTotal=Low|Lat=Mid|Fe2O3=High|CrPpm=High,0,4074074074074074,0,5555555555555556,0,037037037037037035
SiO2,HarvestSlattervallTotal,Lat,Fe2O3,CrPpm,HarvestSlattervallTotal=Low|Lat=Mid|Fe2O3=Mid|CrPpm=High,0,125,0,375,0,5
SiO2,HarvestSlattervallTotal,Lat,Fe2O3,CrPpm,HarvestSlattervallTotal=Low|Lat=Mid|Fe2O3=Low|CrPpm=Mid,0,13725490196078433,0,17647058823529413,0,6862745098039216
SiO2,HarvestSlattervallTotal,Lat,Fe2O3,CrPpm,HarvestSlattervallTotal=Low|Lat=Mid|Fe2O3=High|CrPpm=Mid,0,43636363636363634,0,509090909090909,0,05454545454545454
SiO2,HarvestSlattervallTotal,Lat,Fe2O3,CrPpm,HarvestSlattervallTotal=High|Lat=Low|Fe2O3=Mid|CrPpm=Low,0,3333333333333333,0,6666666666666666,0
SiO2,HarvestSlattervallTotal,Lat,Fe2O3,CrPpm,HarvestSlattervallTotal=High|Lat=High|Fe2O3=High|CrPpm=High,0,8554216867469879,0,14457831325301204,0
SiO2,HarvestSlattervallTotal,Lat,Fe2O3,CrPpm,HarvestSlattervallTotal=Low|Lat=Mid|Fe2O3=Low|CrPpm=High,0,1875,0,1875,0,625
SiO2,HarvestSlattervallTotal,Lat,Fe2O3,CrPpm,HarvestSlattervallTotal=Missing|Lat=High|Fe2O3=Missing|CrPpm=Missing,0,0,0
SiO2,HarvestSlattervallTotal,Lat,Fe2O3,CrPpm,HarvestSlattervallTotal=High|Lat=High|Fe2O3=Mid|CrPpm=Low,0,16666666666666666,0,0,8333333333333334
SiO2,HarvestSlattervallTotal,Lat,Fe2O3,CrPpm,HarvestSlattervallTotal=Missing|Lat=High|Fe2O3=High|CrPpm=High,0,6190476190476191,0,38095238095238093,0
SiO2,HarvestSlattervallTotal,Lat,Fe2O3,CrPpm,HarvestSlattervallTotal=High|Lat=Mid|Fe2O3=Low|CrPpm=Mid,0,0,11764705882352941,0,8823529411764706
SiO2,HarvestSlattervallTotal,Lat,Fe2O3,CrPpm,HarvestSlattervallTotal=High|Lat=Mid|Fe2O3=High|CrPpm=High,0,4666666666666667,0,3333333333333333,0,2
SiO2,HarvestSlattervallTotal,Lat,Fe2O3,CrPpm,HarvestSlattervallTotal=High|Lat=Mid|Fe2O3=Mid|CrPpm=High,0,09090909090909091,0,8181818181818182,0,09090909090909091
SiO2,HarvestSlattervallTotal,Lat,Fe2O3,CrPpm,HarvestSlattervallTotal=High|Lat=High|Fe2O3=Low|CrPpm=Low,0,11627906976744186,0,08139534883720931,0,8023255813953488
SiO2,HarvestSlattervallTotal,Lat,Fe2O3,CrPpm,HarvestSlattervallTotal=High|Lat=High|Fe2O3=Mid|CrPpm=Mid,0,6164383561643836,0,1643835616438356,0,2191780821917808
SiO2,HarvestSlattervallTotal,Lat,Fe2O3,CrPpm,HarvestSlattervallTotal=Low|Lat=High|Fe2O3=Mid|CrPpm=Mid,0,2112676056338028,0,7323943661971831,0,056338028169014086
SiO2,HarvestSlattervallTotal,Lat,Fe2O3,CrPpm,HarvestSlattervallTotal=Low|Lat=High|Fe2O3=High|CrPpm=High,0,45454545454545453,0,09090909090909091,0,45454545454545453
SiO2,HarvestSlattervallTotal,Lat,Fe2O3,CrPpm,HarvestSlattervallTotal=Low|Lat=High|Fe2O3=Low|CrPpm=Low,0,0,1
SiO2,HarvestSlattervallTotal,Lat,Fe2O3,CrPpm,HarvestSlattervallTotal=Low|Lat=Mid|Fe2O3=High|CrPpm=Low,0,23529411764705882,0,7647058823529411,0
SiO2,HarvestSlattervallTotal,Lat,Fe2O3,CrPpm,HarvestSlattervallTotal=Low|Lat=High|Fe2O3=Low|CrPpm=Mid,0,23255813953488372,0,27906976744186046,0,4883720930232558
SiO2,HarvestSlattervallTotal,Lat,Fe2O3,CrPpm,HarvestSlattervallTotal=Mid|Lat=Low|Fe2O3=Mid|CrPpm=Low,0,5853658536585366,0,4146341463414634,0
SiO2,HarvestSlattervallTotal,Lat,Fe2O3,CrPpm,HarvestSlattervallTotal=High|Lat=Low|Fe2O3=Missing|CrPpm=Missing,0,0,0
SiO2,HarvestSlattervallTotal,Lat,Fe2O3,CrPpm,HarvestSlattervallTotal=Mid|Lat=Low|Fe2O3=Missing|CrPpm=Missing,0,0,0
SiO2,HarvestSlattervallTotal,Lat,Fe2O3,CrPpm,HarvestSlattervallTotal=Low|Lat=High|Fe2O3=Mid|CrPpm=High,0,7352941176470589,0,20588235294117646,0,058823529411764705
SiO2,HarvestSlattervallTotal,Lat,Fe2O3,CrPpm,HarvestSlattervallTotal=Mid|Lat=Low|Fe2O3=High|CrPpm=Low,0,75,0,25,0
SiO2,HarvestSlattervallTotal,Lat,Fe2O3,CrPpm,HarvestSlattervallTotal=Low|Lat=Mid|Fe2O3=Missing|CrPpm=Missing,0,0,0
SiO2,HarvestSlattervallTotal,Lat,Fe2O3,CrPpm,HarvestSlattervallTotal=Missing|Lat=High|Fe2O3=Low|CrPpm=Mid,0,0,16666666666666666,0,8333333333333334
SiO2,HarvestSlattervallTotal,Lat,Fe2O3,CrPpm,HarvestSlattervallTotal=Missing|Lat=High|Fe2O3=Mid|CrPpm=High,1,0,0
SiO2,HarvestSlattervallTotal,Lat,Fe2O3,CrPpm,HarvestSlattervallTotal=Low|Lat=Mid|Fe2O3=Mid|CrPpm=Mid,0,009174311926605505,0,5504587155963303,0,44036697247706424
SiO2,HarvestSlattervallTotal,Lat,Fe2O3,CrPpm,HarvestSlattervallTotal=Low|Lat=Low|Fe2O3=Mid|CrPpm=Low,0,0,6666666666666666,0,3333333333333333
SiO2,HarvestSlattervallTotal,Lat,Fe2O3,CrPpm,HarvestSlattervallTotal=Mid|Lat=Low|Fe2O3=Low|CrPpm=Mid,0,625,0,3333333333333333,0,041666666666666664
SiO2,HarvestSlattervallTotal,Lat,Fe2O3,CrPpm,HarvestSlattervallTotal=High|Lat=Low|Fe2O3=Low|CrPpm=Low,0,0,1
SiO2,HarvestSlattervallTotal,Lat,Fe2O3,CrPpm,HarvestSlattervallTotal=High|Lat=Low|Fe2O3=Low|CrPpm=Mid,0,5,0,0,5
SiO2,HarvestSlattervallTotal,Lat,Fe2O3,CrPpm,HarvestSlattervallTotal=High|Lat=High|Fe2O3=Mid|CrPpm=High,0,11538461538461539,0,15384615384615385,0,7307692307692307
SiO2,HarvestSlattervallTotal,Lat,Fe2O3,CrPpm,HarvestSlattervallTotal=Missing|Lat=Low|Fe2O3=Low|CrPpm=Low,0,02857142857142857,0,6857142857142857,0,2857142857142857
SiO2,HarvestSlattervallTotal,Lat,Fe2O3,CrPpm,HarvestSlattervallTotal=Missing|Lat=Low|Fe2O3=Low|CrPpm=Mid,0,1,0,5,0,4
SiO2,HarvestSlattervallTotal,Lat,Fe2O3,CrPpm,HarvestSlattervallTotal=Missing|Lat=Low|Fe2O3=Mid|CrPpm=Mid,0,1,0
SiO2,HarvestSlattervallTotal,Lat,Fe2O3,CrPpm,HarvestSlattervallTotal=Mid|Lat=Low|Fe2O3=High|CrPpm=Mid,0,9736842105263158,0,02631578947368421,0
SiO2,HarvestSlattervallTotal,Lat,Fe2O3,CrPpm,HarvestSlattervallTotal=High|Lat=High|Fe2O3=Low|CrPpm=High,0,5,0,5,0
SiO2,HarvestSlattervallTotal,Lat,Fe2O3,CrPpm,HarvestSlattervallTotal=Mid|Lat=Low|Fe2O3=Low|CrPpm=High,0,5263157894736842,0,47368421052631576,0
SiO2,HarvestSlattervallTotal,Lat,Fe2O3,CrPpm,HarvestSlattervallTotal=Low|Lat=High|Fe2O3=Low|CrPpm=High,0,18181818181818182,0,7272727272727273,0,09090909090909091
SiO2,HarvestSlattervallTotal,Lat,Fe2O3,CrPpm,HarvestSlattervallTotal=High|Lat=Low|Fe2O3=Mid|CrPpm=Mid,0,3333333333333333,0,3333333333333333,0,3333333333333333
SiO2,HarvestSlattervallTotal,Lat,Fe2O3,CrPpm,HarvestSlattervallTotal=Missing|Lat=Low|Fe2O3=Mid|CrPpm=Low,0,2857142857142857,0,7142857142857143,0
SiO2,HarvestSlattervallTotal,Lat,Fe2O3,CrPpm,HarvestSlattervallTotal=High|Lat=High|Fe2O3=Low|CrPpm=Mid,0,375,0,05,0,575
SiO2,HarvestSlattervallTotal,Lat,Fe2O3,CrPpm,HarvestSlattervallTotal=High|Lat=Mid|Fe2O3=Low|CrPpm=Low,0,0,1
SiO2,HarvestSlattervallTotal,Lat,Fe2O3,CrPpm,HarvestSlattervallTotal=Missing|Lat=High|Fe2O3=Low|CrPpm=Low,0,14285714285714285,0,42857142857142855,0,42857142857142855
SiO2,HarvestSlattervallTotal,Lat,Fe2O3,CrPpm,HarvestSlattervallTotal=Low|Lat=Low|Fe2O3=High|CrPpm=Mid,0,25,0,75,0
SiO2,HarvestSlattervallTotal,Lat,Fe2O3,CrPpm,HarvestSlattervallTotal=High|Lat=Low|Fe2O3=High|CrPpm=Low,1,0,0
SiO2,HarvestSlattervallTotal,Lat,Fe2O3,CrPpm,HarvestSlattervallTotal=High|Lat=Low|Fe2O3=High|CrPpm=High,1,0,0
SiO2,HarvestSlattervallTotal,Lat,Fe2O3,CrPpm,HarvestSlattervallTotal=Low|Lat=High|Fe2O3=Mid|CrPpm=Low,0,1,0
SiO2,HarvestSlattervallTotal,Lat,Fe2O3,CrPpm,HarvestSlattervallTotal=High|Lat=Mid|Fe2O3=Mid|CrPpm=Low,0,0,1
SiO2,HarvestSlattervallTotal,Lat,Fe2O3,CrPpm,HarvestSlattervallTotal=Low|Lat=Low|Fe2O3=Low|CrPpm=Low,0,2857142857142857,0,7142857142857143,0
SiO2,HarvestSlattervallTotal,Lat,Fe2O3,CrPpm,HarvestSlattervallTotal=High|Lat=Low|Fe2O3=High|CrPpm=Mid,1,0,0
SiO2,HarvestSlattervallTotal,Lat,Fe2O3,CrPpm,HarvestSlattervallTotal=Mid|Lat=Mid|Fe2O3=Mid|CrPpm=Low,0,1,0
SiO2,HarvestSlattervallTotal,Lat,Fe2O3,CrPpm,HarvestSlattervallTotal=Low|Lat=Low|Fe2O3=Low|CrPpm=Mid,0,1,0
SiO2,HarvestSlattervallTotal,Lat,Fe2O3,CrPpm,HarvestSlattervallTotal=Missing|Lat=Low|Fe2O3=High|CrPpm=Low,1,0,0
SiO2,HarvestSlattervallTotal,Lat,Fe2O3,CrPpm,HarvestSlattervallTotal=Mid|Lat=Mid|Fe2O3=High|CrPpm=High,1,0,0
SiO2,HarvestSlattervallTotal,Lat,Fe2O3,CrPpm,HarvestSlattervallTotal=High|Lat=Mid|Fe2O3=Mid|CrPpm=Mid,0,0,1
SiO2,HarvestSlattervallTotal,Lat,Fe2O3,CrPpm,HarvestSlattervallTotal=Missing|Lat=High|Fe2O3=Mid|CrPpm=Low,0,1,0
SiO2,HarvestSlattervallTotal,Lat,Fe2O3,CrPpm,HarvestSlattervallTotal=Missing|Lat=High|Fe2O3=Low|CrPpm=High,0,0,1
SiO2,HarvestSlattervallTotal,Lat,Fe2O3,CrPpm,HarvestSlattervallTotal=Mid|Lat=Mid|Fe2O3=Mid|CrPpm=Mid,0,1,0
SiO2,HarvestSlattervallTotal,Lat,Fe2O3,CrPpm,HarvestSlattervallTotal=High|Lat=High|Fe2O3=High|CrPpm=Low,0,0,1
SiO2,HarvestSlattervallTotal,Lat,Fe2O3,CrPpm,HarvestSlattervallTotal=Low|Lat=Low|Fe2O3=High|CrPpm=Low,1,0,0
SiO2,HarvestSlattervallTotal,Lat,Fe2O3,CrPpm,HarvestSlattervallTotal=Mid|Lat=Mid|Fe2O3=High|CrPpm=Mid,1,0,0
SiO2,HarvestSlattervallTotal,Lat,Fe2O3,CrPpm,HarvestSlattervallTotal=Low|Lat=Low|Fe2O3=Mid|CrPpm=High,0,0,1
SiO2,HarvestSlattervallTotal,Lat,Fe2O3,CrPpm,HarvestSlattervallTotal=Missing|Lat=High|Fe2O3=Mid|CrPpm=Mid,1,0,0
GlobalDensity,DistCoast,HarvestHostvete,Lat,DistCoast=Mid|HarvestHostvete=Mid|Lat=Low,0,12631578947368421,0,6736842105263158,0,2
GlobalDensity,DistCoast,HarvestHostvete,Lat,DistCoast=Mid|HarvestHostvete=Missing|Lat=High,1,0,0
GlobalDensity,DistCoast,HarvestHostvete,Lat,DistCoast=High|HarvestHostvete=Low|Lat=High,0,07377049180327869,0,6229508196721312,0,30327868852459017
GlobalDensity,DistCoast,HarvestHostvete,Lat,DistCoast=High|HarvestHostvete=High|Lat=High,0,8256880733944955,0,13761467889908258,0,03669724770642202
GlobalDensity,DistCoast,HarvestHostvete,Lat,DistCoast=Low|HarvestHostvete=Low|Lat=Mid,0,45,0,55,0
GlobalDensity,DistCoast,HarvestHostvete,Lat,DistCoast=Mid|HarvestHostvete=Low|Lat=Mid,0,04794520547945205,0,7808219178082192,0,17123287671232876
GlobalDensity,DistCoast,HarvestHostvete,Lat,DistCoast=High|HarvestHostvete=Low|Lat=Mid,0,0,08917197452229299,0,910828025477707
GlobalDensity,DistCoast,HarvestHostvete,Lat,DistCoast=High|HarvestHostvete=Mid|Lat=Mid,0,0,1
GlobalDensity,DistCoast,HarvestHostvete,Lat,DistCoast=Low|HarvestHostvete=Mid|Lat=Low,0,23737373737373738,0,7626262626262627,0
GlobalDensity,DistCoast,HarvestHostvete,Lat,DistCoast=Mid|HarvestHostvete=High|Lat=High,0,9455782312925171,0,05442176870748299,0
GlobalDensity,DistCoast,HarvestHostvete,Lat,DistCoast=Low|HarvestHostvete=High|Lat=Mid,0,12,0,88,0
GlobalDensity,DistCoast,HarvestHostvete,Lat,DistCoast=Mid|HarvestHostvete=High|Lat=Mid,0,2,0,6,0,2
GlobalDensity,DistCoast,HarvestHostvete,Lat,DistCoast=Low|HarvestHostvete=Mid|Lat=Mid,0,0,08695652173913043,0,9130434782608695
GlobalDensity,DistCoast,HarvestHostvete,Lat,DistCoast=Low|HarvestHostvete=Missing|Lat=High,1,0,0
GlobalDensity,DistCoast,HarvestHostvete,Lat,DistCoast=High|HarvestHostvete=Mid|Lat=Low,0,0,5686274509803921,0,43137254901960786
GlobalDensity,DistCoast,HarvestHostvete,Lat,DistCoast=High|HarvestHostvete=Missing|Lat=High,1,0,0
GlobalDensity,DistCoast,HarvestHostvete,Lat,DistCoast=Mid|HarvestHostvete=Low|Lat=Low,0,0,0759493670886076,0,9240506329113924
GlobalDensity,DistCoast,HarvestHostvete,Lat,DistCoast=Low|HarvestHostvete=Low|Lat=Low,0,0,4728682170542636,0,5271317829457365
GlobalDensity,DistCoast,HarvestHostvete,Lat,DistCoast=High|HarvestHostvete=Missing|Lat=Low,0,0,1
GlobalDensity,DistCoast,HarvestHostvete,Lat,DistCoast=Low|HarvestHostvete=High|Lat=High,1,0,0
GlobalDensity,DistCoast,HarvestHostvete,Lat,DistCoast=Mid|HarvestHostvete=Mid|Lat=Mid,0,0,1
GlobalDensity,DistCoast,HarvestHostvete,Lat,DistCoast=Mid|HarvestHostvete=Missing|Lat=Low,0,0,1
GlobalDensity,DistCoast,HarvestHostvete,Lat,DistCoast=High|HarvestHostvete=Low|Lat=Low,0,0,1
GlobalDensity,DistCoast,HarvestHostvete,Lat,DistCoast=High|HarvestHostvete=High|Lat=Mid,0,0,1
GlobalDensity,DistCoast,HarvestHostvete,Lat,DistCoast=Low|HarvestHostvete=Missing|Lat=Low,0,1,0
